manual_id,manual_name,manual_armor_f_s_r,manual_movement,manual_weapon1,manual_nation,manual_source,CURRENT_bg_builder_id,CURRENT_bg_name,SUGGESTED_bg_id_1,SUGGESTED_bg_name_1,similarity_1,SUGGESTED_bg_id_2,SUGGESTED_bg_name_2,similarity_2,SUGGESTED_bg_id_3,SUGGESTED_bg_name_3,similarity_3,APPROVED_bg_id,NOTES
55,1 tonne SdKfz 10,?/?/?,"12""/16""",,german,,62,1 tonne SdKfz 10,62,1 tonne SdKfz 10,100.00%,66,12 tonne SdKfz 8,87.50%,67,18 tonne SdKfz 9,87.50%,,
59,12 tonne SdKfz 8,?/?/?,"12""/16""",,german,,66,12 tonne SdKfz 8,66,12 tonne SdKfz 8,100.00%,62,1 tonne SdKfz 10,87.50%,67,18 tonne SdKfz 9,87.50%,,
60,18 tonne SdKfz 9 'Famo',?/?/?,"12""/16""",,german,,,,67,18 tonne SdKfz 9,82.05%,65,8 tonne SdKfz 7,73.68%,62,1 tonne SdKfz 10,71.79%,,
220,20mm Flak Truck,SS/SS/SS,"6""/24""",20mmL55,german,Tobruk,,,585,Medium Radio Truck,60.61%,586,Medium Radio Truck,60.61%,91,Medium Truck,59.26%,,
56,3 tonne SdKfz 11,?/?/?,"12""/16""",,german,,63,3 tonne SdKfz 11,63,3 tonne SdKfz 11,100.00%,62,1 tonne SdKfz 10,87.50%,64,5 tonne SdKfz 6,83.87%,,
221,37mm Flak Truck,SS/SS/SS,"6""/24""",37mmL98,german,Tobruk,,,585,Medium Radio Truck,60.61%,586,Medium Radio Truck,60.61%,91,Medium Truck,59.26%,,
57,5 tonne SdKfz 6,?/?/?,"12""/16""",,german,,64,5 tonne SdKfz 6,64,5 tonne SdKfz 6,100.00%,65,8 tonne SdKfz 7,86.67%,62,1 tonne SdKfz 10,83.87%,,
58,8 tonne SdKfz 7,?/?/?,"12""/16""",,german,,65,8 tonne SdKfz 7,65,8 tonne SdKfz 7,100.00%,67,18 tonne SdKfz 9,90.32%,64,5 tonne SdKfz 6,86.67%,,
101,A10,M/N/O,"5""/8""",2 pdr,british,,,,80,BA-10,75.00%,400,AT-1,57.14%,498,ACG-1,50.00%,,
102,A13,M/N/O,"9""/15""",2 pdr,british,,,,435,M13,66.67%,400,AT-1,57.14%,392,BA-3,57.14%,,
103,A13 MkII,L/M/O,"9""/15""",2 pdr,british,,,,335,A13 Cruiser Mk.III,61.54%,470,A13 Cruiser Mk I,60.87%,334,A10 Cruiser Mk.II,56.00%,,
99,A9,N/O/O,"8""/12""",2 pdr,british,,,,333,A9 CS,57.14%,510,DAF 39,50.00%,400,AT-1,33.33%,,
100,A9 CS,N/O/O,"8""/12""","3 "" How",british,,333,A9 CS,333,A9 CS,100.00%,358,39M Csaba,57.14%,332,A9 Cruiser Mk.I,50.00%,,
141,AEC III,K/N/O,"8""/24""",75mmL40,british,,140,AEC III,140,AEC III,100.00%,410,Crusader III,63.16%,21,Marder III H,63.16%,,
197,AS37,SS/SS/SS,"8""/24""",20mmL65,italian,Tobruk,,,306,SPA AS37,66.67%,246,ZSU-37,60.00%,392,BA-3,50.00%,,
171,AVRE Fascine,I/J/J,"5""/8""",280mm,british,,,,562,Churchill IV Fascine,56.25%,82,Bren Carrier,50.00%,575,Bren Carrier,50.00%,,
182,Ansaldo 1ZM,O/O/O,"8""/12""",2 x MGs,italian,Tobruk,312,Ansaldo 1ZM,312,Ansaldo 1ZM,100.00%,202,Panhard 178,54.55%,508,Landsverk M36,41.67%,,
114,Archer,N/O/O,"6""/10""",17 pdr,british,,234,Archer,234,Archer,100.00%,118,Tetrarch,57.14%,20,Marder II,53.33%,,
20,Armoured Bulldozer,O/O/O,"4""/6""",,"canadian, british",,160,Armoured Bulldozer,160,Armoured Bulldozer,100.00%,434,Bulldozer,66.67%,273,Armoured Jeep,64.52%,,
180,Autoblinda 40,N/O/O,"8""/12""",2x MGs,italian,Tobruk,310,Autoblinda-40,310,Autoblinda-40,92.31%,297,Autoblinda AB41,85.71%,311,Autoblinda-41,84.62%,,
181,Autoblinda 41,N/O/O,"8""/12""",20mmL65,italian,Tobruk,297,Autoblinda AB41,297,Autoblinda AB41,92.86%,311,Autoblinda-41,92.31%,310,Autoblinda-40,84.62%,,
9,Bedford MWD,?/?/?,"6""/24""",,canadian,,176,Bedford MWD,176,Bedford MWD,100.00%,177,Bedford OXD,81.82%,179,Bedford QLT/QLD,69.23%,,
12,Bedford QLD,?/?/?,"6""/24""",,canadian,,,,179,Bedford QLT/QLD,84.62%,176,Bedford MWD,81.82%,177,Bedford OXD,81.82%,,
10,Bedford QLT,?/?/?,"6""/24""",,canadian,,,,179,Bedford QLT/QLD,84.62%,176,Bedford MWD,72.73%,177,Bedford OXD,72.73%,,
242,Bishop,K/K/N,"5""/8""",25 pdr,british,Torch,411,Bishop,411,Bishop,100.00%,264,Nashorn,46.15%,60,RSO,44.44%,,
21,Bren Carrier,O/O/O,"10""/15""",LMG,"canadian, british",,82,Bren Carrier,82,Bren Carrier,100.00%,575,Bren Carrier,100.00%,150,Loyd Carrier,66.67%,,
233,Bren Carrier (AT Rifle),O/O/O,"10""/13""",Boyes AT rifle,british,Tobruk,,,329,Bren Carrier with Boys AT-rifle,74.07%,82,Bren Carrier,68.57%,575,Bren Carrier,68.57%,,
11,CMP,?/?/?,"6""/24""",,canadian,,,,235,Comet,50.00%,490,FCM-36,44.44%,435,M13,33.33%,,
172,CV-33,N/O/O,"9""/13""",MG,italian,Tobruk,300,CV-33,300,CV-33,100.00%,301,CV-35,80.00%,302,CV-35cc,66.67%,,
173,CV-35,N/O/O,"9""/13""",2 x MGs,italian,Tobruk,301,CV-35,301,CV-35,100.00%,302,CV-35cc,83.33%,308,CV-35cr,83.33%,,
175,CV-351f,N/O/O,"9""/13""",F'thrower,italian,Tobruk,303,CV-35lf,303,CV-35lf,85.71%,301,CV-35,83.33%,302,CV-35cc,71.43%,,
174,CV-35cc,N/O/O,"9""/13""",At Rifle,italian,Tobruk,302,CV-35cc,302,CV-35cc,100.00%,308,CV-35cr,85.71%,301,CV-35,83.33%,,
176,CV-35cr,N/O/O,"9""/13""",,italian,Tobruk,308,CV-35cr,308,CV-35cr,100.00%,302,CV-35cc,85.71%,301,CV-35,83.33%,,
163,Centaur AA,K/L/M,"9""/14""",2 x 20mm,british,,128,Centaur AA,128,Centaur AA,100.00%,127,Centaur IV,80.00%,139,Staghound AA,54.55%,,
135,Centaur Bulldozer,K/L/M,"9""/14""",,british,,,,160,Armoured Bulldozer,74.29%,434,Bulldozer,69.23%,128,Centaur AA,59.26%,,
162,Centaur IV,K/L/M,"9""/14""",95mmL20,british,,127,Centaur IV,127,Centaur IV,100.00%,128,Centaur AA,80.00%,567,Vickers IV,60.00%,,
111,Challenger,K/L/M,"10""/15""",17 pdr,british,,114,Challenger,114,Challenger,100.00%,234,Archer,50.00%,492,Char-B,50.00%,,
239,Churchhill I,I/J/J,"5""/8""",2 pdr,british,Torch,419,Churchill I,419,Churchill I,95.65%,418,Churchill II,91.67%,121,Churchill VI,91.67%,,
241,Churchhill II,I/J/J,"5""/8""",2 pdr,british,Torch,418,Churchill II,418,Churchill II,96.00%,122,Churchill VII,92.31%,419,Churchill I,91.67%,,
160,Churchill ARV,I/J/J,"5""/8""",MG,british,,126,Churchill ARV,126,Churchill ARV,100.00%,125,Churchill Ark,92.31%,120,Churchill V,91.67%,,
157,Churchill AVRE,I/J/J,"5""/8""",280mm,british,,123,Churchill AVRE,123,Churchill AVRE,100.00%,126,Churchill ARV,88.89%,125,Churchill Ark,88.89%,,
161,Churchill AVRE Bridge,I/J/J,"5""/8""",280mm,british,,,,123,Churchill AVRE,80.00%,121,Churchill VI,72.73%,126,Churchill ARV,70.59%,,
159,Churchill Ark,I/J/J,"5""/8""",,british,,125,Churchill Ark,125,Churchill Ark,100.00%,126,Churchill ARV,92.31%,123,Churchill AVRE,88.89%,,
158,Churchill Crocodile,E/I/I,"5""/8""",75mmL40,british,,124,Churchill Crocodile,124,Churchill Crocodile,100.00%,419,Churchill I,73.33%,123,Churchill AVRE,72.73%,,
151,Churchill III,I/J/J,"5""/8""",6 pdr,british,,149,Churchill VIII,149,Churchill VIII,96.30%,418,Churchill II,96.00%,122,Churchill VII,92.31%,,
152,Churchill IV,I/J/J,"5""/8""",6 pdr,british,,419,Churchill I,419,Churchill I,95.65%,120,Churchill V,95.65%,418,Churchill II,91.67%,,
153,Churchill V,I/J/J,"5""/8""",95mmL20,british,,120,Churchill V,120,Churchill V,100.00%,121,Churchill VI,95.65%,126,Churchill ARV,91.67%,,
154,Churchill VI,I/J/J,"5""/8""",75mmL40,british,,121,Churchill VI,121,Churchill VI,100.00%,122,Churchill VII,96.00%,419,Churchill I,95.65%,,
155,Churchill VII,E/I/I,"5""/8""",75mmL40,british,,122,Churchill VII,122,Churchill VII,100.00%,149,Churchill VIII,96.30%,418,Churchill II,96.00%,,
156,Churchill VIII,E/I/I,"5""/8""",95mmL20,british,,149,Churchill VIII,149,Churchill VIII,100.00%,122,Churchill VII,96.30%,418,Churchill II,92.31%,,
117,Comet,H/J/K,"12""/16""",77mmL50,british,,235,Comet,235,Comet,100.00%,113,Cromwell ARV,47.06%,395,OT-7,44.44%,,
110,Cromwell ARV,L/L/M,"12""/20""",MG,british,,113,Cromwell ARV,113,Cromwell ARV,100.00%,111,Cromwell IV or V,78.57%,112,Cromwell IV or V HQ,70.97%,,
109,Cromwell HQ,K/L/M,"12""/20""",Dummy,british,,,,113,Cromwell ARV,78.26%,112,Cromwell IV or V HQ,73.33%,111,Cromwell IV or V,66.67%,,
107,Cromwell IV,K/L/M,"12""/20""",75mmL40,british,,113,Cromwell ARV,113,Cromwell ARV,86.96%,111,Cromwell IV or V,81.48%,112,Cromwell IV or V HQ,73.33%,,
108,Cromwell V,K/L/M,"12""/20""",75mmL40,british,,113,Cromwell ARV,113,Cromwell ARV,90.91%,111,Cromwell IV or V,76.92%,112,Cromwell IV or V HQ,68.97%,,
131,Crusader AA MkI,L/N/O,"8""/12""",40mmL60,british,,129,Crusader AA I,129,Crusader AA I,92.86%,130,Crusader AA II,89.66%,322,Crusader I,80.00%,,
132,Crusader AA MkII (2x 20mm),L/N/O,"8""/12""",2x 20mm,british,,,,130,Crusader AA II,70.00%,129,Crusader AA I,66.67%,339,Crusader II CS,60.00%,,
133,Crusader AA MkII (3x 20mm),L/N/O,"8""/12""",3x 20mm,british,,,,130,Crusader AA II,70.00%,129,Crusader AA I,66.67%,339,Crusader II CS,60.00%,,
223,Crusader I,L/M/O,"9""/13""",2 pdr,british,Tobruk,322,Crusader I,322,Crusader I,100.00%,323,Crusader II,95.24%,410,Crusader III,90.91%,,
224,Crusader II,K/M/O,"9""/13""",2 pdr,british,Tobruk,323,Crusader II,323,Crusader II,100.00%,410,Crusader III,95.65%,322,Crusader I,95.24%,,
225,Crusader II CS,K/M/O,"9""/13""","3"" How",british,Tobruk,339,Crusader II CS,339,Crusader II CS,100.00%,323,Crusader II,88.00%,410,Crusader III,84.62%,,
237,Crusader III,K/M/L,"9""/13""",6 pdr,british,Torch,410,Crusader III,410,Crusader III,100.00%,323,Crusader II,95.65%,322,Crusader I,90.91%,,
134,Crusader Tractor,L/N/O,"8""/12""",,british,,152,Crusader Tractor,152,Crusader Tractor,100.00%,322,Crusader I,69.23%,129,Crusader AA I,68.97%,,
142,Daimler,M/O/O,"8""/24""",2 pdr,british,,137,Daimler,137,Daimler,100.00%,136,Daimler Dingo,70.00%,150,Loyd Carrier,52.63%,,
226,Daimler Dingo,N/O/O,"8""/12""",LMG,british,Tobruk,136,Daimler Dingo,136,Daimler Dingo,100.00%,137,Daimler,70.00%,342,Marmon Herrington I,50.00%,,
145,Dingo,N/O/O,"8""/12""",LMG,british,,,,136,Daimler Dingo,55.56%,24,Ferdinand,42.86%,258,Jagdtiger,42.86%,,
6,Dingo Scout Car,N/O/O,"9""/14""",MG,canadian,,,,84,White Scout Car,73.33%,577,White Scout Car,73.33%,134,Humber Scout Car,64.52%,,
137,Dorchester ACV,O/O/O,"6""/24""",,british,,159,Dorchester ACV,159,Dorchester ACV,100.00%,241,Voroshilovets tractor,51.43%,234,Archer,50.00%,,
42,Flakpanzer 38(t),M/O/O,"9""/15""",20mmL55,german,,194,Flakpanzer 38(t),194,Flakpanzer 38(t),100.00%,279,Panzer 38(t),85.71%,278,Panzer 35(t),78.57%,,
201,Flammpanzer I,O/O/O,"8""/12""",F'thrower,german,Tobruk,352,Flammpanzer I,352,Flammpanzer I,100.00%,292,Flammpanzer II,96.30%,5,Flammpanzer III,92.86%,,
138,Guy Lizard ACV,O/O/O,"6""/24""",,british,,,,325,Guy Lizard Armoured Command Vehicle,57.14%,471,Guy Mk I,47.62%,14,Borgward B-IV,44.44%,,
148,Guy Lizard Mk1,N/O/O,"8""/12""",MG,british,,,,471,Guy Mk I,57.14%,325,Guy Lizard Armoured Command Vehicle,48.98%,587,A10 Cruiser Mk I,41.38%,,
54,Heavy Truck,?/?/?,"6""/24""",,german,,61,Heavy Truck,61,Heavy Truck,100.00%,552,Albion Heavy Truck,75.86%,318,Heavy Repair Truck,75.86%,,
191,Heavy Truck,SS/SS/SS,"6""/24""",,italian,Tobruk,61,Heavy Truck,61,Heavy Truck,100.00%,552,Albion Heavy Truck,75.86%,318,Heavy Repair Truck,75.86%,,
232,Humber II,N/O/O,"8""/24""",15mm BESA,british,Tobruk,319,Humber II,319,Humber II,100.00%,135,Humber IV,88.89%,141,Humber LRC I,76.19%,,
16,Humber IV,M/O/O,"8""/24""",37mmL53,"canadian, british",,135,Humber IV,135,Humber IV,100.00%,319,Humber II,88.89%,141,Humber LRC I,76.19%,,
164,Humber Light Recce,O/O/O,"8""/24""",LMG,british,,,,346,Humber Light Recce Vehicle,81.82%,141,Humber LRC I,60.00%,319,Humber II,59.26%,,
17,Humber Light Recce Vehicle II,O/O/O,"8""/24""",LMG,canadian,,346,Humber Light Recce Vehicle,346,Humber Light Recce Vehicle,94.55%,141,Humber LRC I,58.54%,325,Guy Lizard Armoured Command Vehicle,50.00%,,
146,Humber Scout Car,O/O/O,"8""/24""",LMG,british,,134,Humber Scout Car,134,Humber Scout Car,100.00%,84,White Scout Car,77.42%,577,White Scout Car,77.42%,,
44,Hummel,N/O/O,"8""/12""",150mmL130,german,,30,Hummel,30,Hummel,100.00%,141,Humber LRC I,55.56%,319,Humber II,53.33%,,
193,Hvy Truck,SS/SS/SS,"6""/24""",20mmL65,italian,Tobruk,61,Heavy Truck,61,Heavy Truck,90.00%,316,Light Truck,70.00%,552,Albion Heavy Truck,66.67%,,
194,Hvy Truck,SS/SS/SS,"6""/24""",47mmL32,italian,Tobruk,61,Heavy Truck,61,Heavy Truck,90.00%,316,Light Truck,70.00%,552,Albion Heavy Truck,66.67%,,
195,Hvy Truck,SS/SS/SS,"6""/24""",75mmL46,italian,Tobruk,61,Heavy Truck,61,Heavy Truck,90.00%,316,Light Truck,70.00%,552,Albion Heavy Truck,66.67%,,
196,Hvy Truck,SS/SS/SS,"6""/24""",90mmL53,italian,Tobruk,61,Heavy Truck,61,Heavy Truck,90.00%,316,Light Truck,70.00%,552,Albion Heavy Truck,66.67%,,
234,Indian Pattern,N/O/O,"8""/24""",Boyes AT rifle,british,Tobruk,,,347,"Armoured Carrier, Indian Pattern",60.87%,192,Jagdpanther,48.00%,207,Pz-III Panzerturm,45.16%,,
8,Jeep,?/?/?,"9""/24""",,canadian,,163,Jeep,163,Jeep,100.00%,90,Gaz Jeep,66.67%,314,Armed Jeep,57.14%,,
49,Kubelwagen,?/?/?,"6""/24""",,german,,54,Kübelwagen,54,Kübelwagen,90.00%,195,Möbelwagen,80.00%,349,Captured Kübelwagen,62.07%,,
139,LVT IV Buffalo (20mm),O/O/O,"6""/10""",20mm,british,,,,570,LVT-4 Buffalo 20mm,82.05%,548,LVT-4 Buffalo,64.71%,433,T19 HMC (105mm),44.44%,,
140,LVT IV Buffalo (MG),O/O/O,"6""/10""",MG,british,,,,570,LVT-4 Buffalo 20mm,70.27%,548,LVT-4 Buffalo,68.75%,454,7TP (MG),44.44%,,
188,Light Truck,SS/SS/SS,"6""/24""",,italian,Tobruk,316,Light Truck,316,Light Truck,100.00%,304,Light Car,70.00%,61,Heavy Truck,63.64%,,
19,Loyd Carrier,O/O/O,"10""/15""",,"canadian, british",,150,Loyd Carrier,150,Loyd Carrier,100.00%,375,UE Supply Carrier,68.97%,82,Bren Carrier,66.67%,,
14,M1 Wrecker,?/?/?,"6""/24""",,canadian,,172,M1 Wrecker,172,M1 Wrecker,100.00%,132,M10 Wolverine,52.17%,158,M12 Halftrack,52.17%,,
113,M10 Achilles,M/N/O,"9""/14""",17 pdr,british,,133,M10 Achilles,133,M10 Achilles,100.00%,269,M18 Hellcat,52.17%,162,M30 Cargo Carrier,48.28%,,
112,M10 Wolverine,M/N/O,"9""/14""",76mmL53,british,,132,M10 Wolverine,132,M10 Wolverine,100.00%,432,M3 Lee,52.63%,172,M1 Wrecker,52.17%,,
177,M11/39,M/O/O,"6""/10""",37mmL40,italian,Tobruk,307,M11/39,307,M11/39,100.00%,435,M13,66.67%,309,M13/40,50.00%,,
178,M13/40,L/N/N,"5""/9""",47mmL32,italian,Tobruk,309,M13/40,309,M13/40,100.00%,435,M13,66.67%,313,M14/41,66.67%,,
179,M14/41,L/M/N,"6""/11""",47mmL32,italian,Tobruk,313,M14/41,313,M14/41,100.00%,309,M13/40,66.67%,307,M11/39,50.00%,,
122,M24 Chaffee,L/N/N,"12""/18""",75mmL40,british,,232,M24 Chaffee,232,M24 Chaffee,100.00%,158,M12 Halftrack,50.00%,114,Challenger,47.62%,,
244,M3 GMC ,N/O/O,"12""/24""",76mmL36,british,Torch,415,M3 GMC,415,M3 GMC,100.00%,272,M43 GMC,92.31%,275,M19 GMC,76.92%,,
238,M3 Grant,L/M/O,"8""/13""",37mmL53,british,Torch,85,M3 Grant,85,M3 Grant,100.00%,431,M3 Stuart,58.82%,415,M3 GMC,57.14%,,
143,M3 Scout Car,N/O/O,"8""/12""",MG,british,,,,134,Humber Scout Car,78.57%,84,White Scout Car,74.07%,577,White Scout Car,74.07%,,
235,M31 ARV,L/M/O,"8""/13""",Dummy,british,Torch,416,M31 ARV,416,M31 ARV,100.00%,161,M32 ARV,85.71%,89,M3A1 Stuart,66.67%,,
168,M3A1 Honey,M/N/N,"12""/18""",37mmL53,british,,324,M3 Honey,324,M3 Honey,88.89%,115,M3A3 'Honey',81.82%,553,M3 Honey 'Jalopy',59.26%,,
169,M3A2 Honey,M/N/N,"12""/18""",37mmL53,british,,324,M3 Honey,324,M3 Honey,88.89%,115,M3A3 'Honey',81.82%,553,M3 Honey 'Jalopy',59.26%,,
170,M3A3 Honey,M/N/N,"12""/18""",37mmL53,british,,115,M3A3 'Honey',115,M3A3 'Honey',90.91%,324,M3 Honey,88.89%,553,M3 Honey 'Jalopy',59.26%,,
3,M4 Sherman,K/L/N,"9""/14""",75mmL40,"canadian, british",,101,M4A4 Sherman,101,M4A4 Sherman,90.91%,106,M4 DD Sherman,86.96%,109,M4 Sherman ARV,83.33%,,
125,M4 Sherman (76mm),K/L/N,"9""/14""",76mmL53,british,,104,M4 Sherman (76mm),104,M4 Sherman (76mm),100.00%,105,M4 Sherman (105mm),85.71%,277,M4A3E2 Sherman Jumbo(76),73.17%,,
106,M4 Sherman BARV,L/L/N,"9""/14""",MG,british,,110,M4 Sherman BARV,110,M4 Sherman BARV,100.00%,109,M4 Sherman ARV,96.55%,107,M4 Sherman Crab,80.00%,,
105,M4 Sherman Crab,K/L/N,"9""/14""",75mmL40,british,,107,M4 Sherman Crab,107,M4 Sherman Crab,100.00%,109,M4 Sherman ARV,82.76%,110,M4 Sherman BARV,80.00%,,
127,M4 Sherman DD,K/L/N,"9""/14""",75mmL40,british,,,,108,M4 Sherman Dozer,82.76%,109,M4 Sherman ARV,81.48%,101,M4A4 Sherman,80.00%,,
126,M4 Sherman Dozer,K/L/N,"9""/14""",75mmL40,british,,108,M4 Sherman Dozer,108,M4 Sherman Dozer,100.00%,109,M4 Sherman ARV,80.00%,110,M4 Sherman BARV,77.42%,,
4,M4 Sherman Firefly,K/L/N,"9""/14""",17pdr,"canadian, british",,102,M4A4 Sherman Firefly,102,M4A4 Sherman Firefly,94.74%,109,M4 Sherman ARV,75.00%,110,M4 Sherman BARV,72.73%,,
2,M4A1 Sherman,K/L/N,"9""/14""",75mmL40,"canadian, british",,101,M4A4 Sherman,101,M4A4 Sherman,91.67%,103,M4A4 Sherman HQ,81.48%,106,M4 DD Sherman,80.00%,,
123,M4A2 Sherman,K/L/N,"9""/14""",75mmL40,"canadian, british",,101,M4A4 Sherman,101,M4A4 Sherman,91.67%,103,M4A4 Sherman HQ,81.48%,106,M4 DD Sherman,80.00%,,
124,M4A3 Sherman,K/L/N,"9""/14""",75mmL40,"canadian, british",,101,M4A4 Sherman,101,M4A4 Sherman,91.67%,103,M4A4 Sherman HQ,81.48%,106,M4 DD Sherman,80.00%,,
1,M4A4 Sherman,K/L/N,"8""/14""",75mmL40,"canadian, british",,101,M4A4 Sherman,101,M4A4 Sherman,100.00%,103,M4A4 Sherman HQ,88.89%,106,M4 DD Sherman,80.00%,,
15,M5 Ambulance,N/O/O,"12""/24""",,"canadian, british",,,,174,Dodge ambulance,74.07%,360,Panzer I Ambulance,66.67%,184,Austin K2 ambulance,64.52%,,
89,M5 Halftrack,N/O/O,"12""/24""",MG,"canadian, british",,83,M5 Halftrack,83,M5 Halftrack,100.00%,148,M3 Halftrack,91.67%,146,M9 Halftrack,91.67%,,
90,M5 Halftrack,N/O/O,"12""/24""",MG,canadian,,83,M5 Halftrack,83,M5 Halftrack,100.00%,148,M3 Halftrack,91.67%,146,M9 Halftrack,91.67%,,
121,M5 Recce,L/N/M,"12""/18""",MG,british,,,,172,M1 Wrecker,66.67%,117,M5 Stuart 'Recce',64.00%,432,M3 Lee,57.14%,,
118,M5A1 Stuart,L/N/N,"12""/18""",37mmL53,british,,89,M3A1 Stuart,89,M3A1 Stuart,90.91%,574,M3A1 Stuart,90.91%,116,M5 Stuart,90.00%,,
119,M5A2 Stuart,L/N/N,"12""/18""",37mmL53,british,,116,M5 Stuart,116,M5 Stuart,90.00%,89,M3A1 Stuart,81.82%,574,M3A1 Stuart,81.82%,,
120,M5A3 Stuart,L/N/N,"12""/18""",37mmL53,british,,431,M3 Stuart,431,M3 Stuart,90.00%,116,M5 Stuart,90.00%,89,M3A1 Stuart,81.82%,,
115,M7 Priest,N/O/O,"9""/14""",105mmL22,british,,,,155,Priest,80.00%,153,M35 Primer Mover,48.00%,133,M10 Achilles,47.62%,,
144,M8 Greyhound,N/O/O,"8""/24""",37mmL53,british,,142,M8 Greyhound,142,M8 Greyhound,100.00%,138,Staghound,57.14%,85,M3 Grant,50.00%,,
18,M9 Halftrack,N/O/O,"12""/24""",MG,canadian,Crucible,146,M9 Halftrack,146,M9 Halftrack,100.00%,148,M3 Halftrack,91.67%,83,M5 Halftrack,91.67%,,
228,Marmon-Herrington I,O/O/O,"8""/12""",MG,british,Tobruk,342,Marmon Herrington I,342,Marmon Herrington I,94.74%,343,Marmon Herrington II,92.31%,412,Marmon Herrington III,90.00%,,
229,Marmon-Herrington II,O/O/O,"8""/12""",Boyes AT rifle,british,Tobruk,343,Marmon Herrington II,343,Marmon Herrington II,95.00%,412,Marmon Herrington III,92.68%,342,Marmon Herrington I,92.31%,,
230,Marmon-Herrington II A (20mm),O/O/O,"8""/12""",20mmL65,british,Tobruk,,,344,Marmon Herrington II A,82.35%,345,Marmon Herrington II A,82.35%,413,Marmon Herrington III A,80.77%,,
231,Marmon-Herrington II A (37mm),O/O/O,"8""/12""",37mmL43,british,Tobruk,,,344,Marmon Herrington II A,82.35%,345,Marmon Herrington II A,82.35%,413,Marmon Herrington III A,80.77%,,
243,Marmon-Herrington III,O/O/O,"8""/12""",AT Rifle,british,Torch,412,Marmon Herrington III,412,Marmon Herrington III,95.24%,343,Marmon Herrington II,92.68%,413,Marmon Herrington III A,90.91%,,
246,Marmon-Herrington III A,O/O/O,"8""/12""",MG,british,Torch,413,Marmon Herrington III A,413,Marmon Herrington III A,95.65%,344,Marmon Herrington II A,93.33%,345,Marmon Herrington II A,93.33%,,
236,Matilda 'Scorpion',J/K/L,"5""/8""",2 pdr,british,Torch,414,Matilda Scorpion,414,Matilda Scorpion,94.12%,556,Matilda 'Frog',68.75%,469,Matilda I,66.67%,,
96,Matilda I,K/K/L,"3""/4""",MG,british,,469,Matilda I,469,Matilda I,100.00%,86,Matilda II,94.74%,330,Matilda II CS,81.82%,,
97,Matilda II,J/K/L,"5""/8""",2 pdr,british,,86,Matilda II,86,Matilda II,100.00%,469,Matilda I,94.74%,330,Matilda II CS,86.96%,,
98,Matilda II CS,J/K/L,"5""/8""","3 "" How",british,,330,Matilda II CS,330,Matilda II CS,100.00%,86,Matilda II,86.96%,469,Matilda I,81.82%,,
192,Med Truck,SS/SS/SS,"6""/24""",20mmL65,italian,Tobruk,91,Medium Truck,91,Medium Truck,85.71%,61,Heavy Truck,70.00%,585,Medium Radio Truck,66.67%,,
50,Medium Truck,?/?/?,"6""/24""",,german,,91,Medium Truck,91,Medium Truck,100.00%,585,Medium Radio Truck,80.00%,586,Medium Radio Truck,80.00%,,
190,Mediun Truck,SS/SS/SS,"6""/24""",,italian,Tobruk,91,Medium Truck,91,Medium Truck,91.67%,585,Medium Radio Truck,73.33%,586,Medium Radio Truck,73.33%,,
165,Morris CS9,O/O/O,"8""/12""",AT Rifle,british,,340,Morris CS9,340,Morris CS9,100.00%,348,Morris CDSW,85.71%,293,Morris LRC,80.00%,,
7,Motorcycle,SS/SS/SS,"10""/24""",,"canadian, british",,50,Motorcycle,50,Motorcycle,100.00%,51,Motorcycle and sidecar,62.50%,117,M5 Stuart 'Recce',44.44%,,
46,Motorcycle,?/?/?,"6""/24""",,german,,50,Motorcycle,50,Motorcycle,100.00%,51,Motorcycle and sidecar,62.50%,117,M5 Stuart 'Recce',44.44%,,
183,Motorcycle,SS/SS/SS,"10""/24""",,italian,Tobruk,50,Motorcycle,50,Motorcycle,100.00%,51,Motorcycle and sidecar,62.50%,117,M5 Stuart 'Recce',44.44%,,
47,Motorcycle and sidecar,?/?/?,"6""/24""",,german,,51,Motorcycle and sidecar,51,Motorcycle and sidecar,100.00%,50,Motorcycle,62.50%,341,Rolls Royce Armoured Car,52.17%,,
184,Motorcycle and sidecar,SS/SS/SS,"10""/24""",,italian,Tobruk,51,Motorcycle and sidecar,51,Motorcycle and sidecar,100.00%,50,Motorcycle,62.50%,341,Rolls Royce Armoured Car,52.17%,,
185,Motortrike,SS/SS/SS,"10""/24""",,italian,Tobruk,,,50,Motorcycle,60.00%,340,Morris CS9,50.00%,293,Morris LRC,50.00%,,
52,Opel Blitz,?/?/?,"6""/24""",,german,,,,59,Opel Maultier,60.87%,58,Opel Blitz (German Medium Truck),47.62%,564,Goliath,47.06%,,
53,Opel Maultier,?/?/?,"12""/16""",,german,,59,Opel Maultier,59,Opel Maultier,100.00%,181,AEC Matador,50.00%,174,Dodge ambulance,50.00%,,
80,Panther,H/K/L,"10""/14""",75mmL70,german,,10,Panther D,10,Panther D,87.50%,192,Jagdpanther,77.78%,187,Panther A/G,77.78%,,
198,Panzer I,O/O/O,"8""/12""",2x MGs,german,Tobruk,286,Panzer I,286,Panzer I,100.00%,287,Panzer II C,84.21%,13,Panzer II F,84.21%,,
200,Panzer I,O/O/O,"8""/12""",,german,Tobruk,286,Panzer I,286,Panzer I,100.00%,287,Panzer II C,84.21%,13,Panzer II F,84.21%,,
202,Panzer II C,O/O/O,"10""/14""",20mmL55,german,Tobruk,287,Panzer II C,287,Panzer II C,100.00%,13,Panzer II F,90.91%,465,Panzer III D,86.96%,,
203,Panzer II F,N/O/O,"10""/14""",20mmL55,german,Tobruk,13,Panzer II F,13,Panzer II F,100.00%,288,Panzer III F,95.65%,287,Panzer II C,90.91%,,
208,Panzer III E Pz. Bef. Wg,M/N/N,"8""/12""",Dummy,german,Tobruk,,,351,Panzer III E Befehlswagen,73.47%,457,Panzer III E Panzerbefehlswagen,72.73%,361,Panzer III H Panzerbefehlswagen,69.09%,,
204,Panzer III F,M/N/N,"8""/12""",37mmL46,german,Tobruk,288,Panzer III F,288,Panzer III F,100.00%,13,Panzer II F,95.65%,465,Panzer III D,91.67%,,
205,Panzer III G,M/N/N,"8""/12""",50mmL42,german,Tobruk,289,Panzer III G,289,Panzer III G,100.00%,465,Panzer III D,91.67%,466,Panzer III E,91.67%,,
206,Panzer III H,L/N/N,"8""/12""",50mmL42,german,Tobruk,369,Panzer III H,369,Panzer III H,100.00%,465,Panzer III D,91.67%,466,Panzer III E,91.67%,,
209,Panzer III H Pz. Bef. Wg,L/N/N,"8""/12""",Dummy,german,Tobruk,,,361,Panzer III H Panzerbefehlswagen,72.73%,351,Panzer III E Befehlswagen,69.39%,457,Panzer III E Panzerbefehlswagen,69.09%,,
207,Panzer III J,L/N/N,"8""/12""",50mmL42,german,Tobruk,1,Panzer III J,1,Panzer III J,100.00%,465,Panzer III D,91.67%,466,Panzer III E,91.67%,,
210,Panzer IV D,M/N/N,"8""/12""",75mmL24,german,Tobruk,96,Panzer IV D,96,Panzer IV D,100.00%,185,Panzer IV D,100.00%,458,Panzer IV D,100.00%,,
211,Panzer IV E,L/N/N,"8""/12""",75mmL24,german,Tobruk,96,Panzer IV D,96,Panzer IV D,90.91%,185,Panzer IV D,90.91%,458,Panzer IV D,90.91%,,
85,Panzer IV H,H/K/L,"12""/20""",75mmL48,german,,9,Panzer IV H/J,9,Panzer IV H/J,91.67%,96,Panzer IV D,90.91%,185,Panzer IV D,90.91%,,
86,Panzer IV J,H/K/L,"12""/20""",75mmL48,german,,9,Panzer IV H/J,9,Panzer IV H/J,91.67%,96,Panzer IV D,90.91%,185,Panzer IV D,90.91%,,
217,Panzerjäger I,O/O/O,"8""/12""",47mmL43,german,Tobruk,,,286,Panzer I,76.19%,227,Panzerjaeger 35R,75.86%,283,Panzerjaeger auf Pz I,70.59%,,
166,RAM Kangaroo,K/M/M,"9""/14""",MG,british,,147,Ram Kangaroo,147,Ram Kangaroo,100.00%,566,Sherman Kangaroo,78.57%,92,Radio Van,47.62%,,
227,Rolls Royce,O/O/O,"8""/12""",Boyes AT rifle,british,Tobruk,,,341,Rolls Royce Armoured Car,62.86%,113,Cromwell ARV,52.17%,123,Churchill AVRE,48.00%,,
187,SPA AS37,SS/SS/SS,"8""/24""",,italian,Tobruk,306,SPA AS37,306,SPA AS37,100.00%,430,SPA AS42,75.00%,305,SPA TL37,75.00%,,
13,Scammell Pioneer,?/?/?,"6""/24""",,canadian,,183,Scammel Pioneer,183,Scammel Pioneer,96.77%,111,Cromwell IV or V,56.25%,114,Challenger,53.85%,,
212,SdKfz 221,O/O/O,"8""/24""",MG,german,Tobruk,294,SdKfz 221,294,SdKfz 221,100.00%,32,SdKfz 222,88.89%,33,SdKfz 223,88.89%,,
38,SdKfz 222,O/O/O,"8""/24""",20mmL55,german,,32,SdKfz 222,32,SdKfz 222,100.00%,294,SdKfz 221,88.89%,33,SdKfz 223,88.89%,,
213,SdKfz 223,O/O/O,"8""/24""",MG,german,Tobruk,33,SdKfz 223,33,SdKfz 223,100.00%,294,SdKfz 221,88.89%,32,SdKfz 222,88.89%,,
214,SdKfz 231,N/O/O,"8""/24""",20mmL55,german,Tobruk,593,SdKfz 231,593,SdKfz 231,100.00%,199,SdKfz 234/1,90.00%,294,SdKfz 221,88.89%,,
215,SdKfz 232,N/O/O,"8""/24""",20mmL55,german,Tobruk,34,SdKfz 232,34,SdKfz 232,100.00%,200,SdKfz 234/2,90.00%,294,SdKfz 221,88.89%,,
39,SdKfz 234/1,N/O/O,"8""/24""",20mmL55,german,,199,SdKfz 234/1,199,SdKfz 234/1,100.00%,200,SdKfz 234/2,90.91%,201,SdKfz 234/3,90.91%,,
40,SdKfz 234/2,N/O/O,"8""/24""",50mm L60,german,,200,SdKfz 234/2,200,SdKfz 234/2,100.00%,199,SdKfz 234/1,90.91%,201,SdKfz 234/3,90.91%,,
41,SdKfz 234/3,N/O/O,"8""/24""",75mmL24,german,,201,SdKfz 234/3,201,SdKfz 234/3,100.00%,199,SdKfz 234/1,90.91%,200,SdKfz 234/2,90.91%,,
33,SdKfz 250/1,O/O/O,"12""/16""",MG,german,,43,SdKfz 250/1,43,SdKfz 250/1,100.00%,48,SdKfz 250/10,95.65%,49,SdKfz 250/11,95.65%,,
37,SdKfz 250/10,O/O/O,"12""/16""",37mmL43,german,,48,SdKfz 250/10,48,SdKfz 250/10,100.00%,43,SdKfz 250/1,95.65%,49,SdKfz 250/11,91.67%,,
34,SdKfz 250/3,O/O/O,"12""/16""",MG,german,,44,SdKfz 250/3,44,SdKfz 250/3,100.00%,43,SdKfz 250/1,90.91%,45,SdKfz 250/7,90.91%,,
35,SdKfz 250/8,O/O/O,"12""/16""",75mm L24,german,,46,SdKfz 250/8,46,SdKfz 250/8,100.00%,43,SdKfz 250/1,90.91%,44,SdKfz 250/3,90.91%,,
36,SdKfz 250/9,O/O/O,"12""/16""",20mmL55,german,,47,SdKfz 250/9,47,SdKfz 250/9,100.00%,43,SdKfz 250/1,90.91%,44,SdKfz 250/3,90.91%,,
25,SdKfz 251/1,O/O/O,"12""/16""",MG,german,,37,SdKfz 251/1,37,SdKfz 251/1,100.00%,41,SdKfz 251/10,95.65%,42,SdKfz 251/16,95.65%,,
29,SdKfz 251/10,O/O/O,"12""/16""",37mmL43,german,,41,SdKfz 251/10,41,SdKfz 251/10,100.00%,37,SdKfz 251/1,95.65%,48,SdKfz 250/10,91.67%,,
26,SdKfz 251/2,O/O/O,"12""/16""",80mm mortar,german,,38,SdKfz 251/2,38,SdKfz 251/2,100.00%,248,SdKfz 251/20,95.65%,260,SdKfz 251/21,95.65%,,
32,SdKfz 251/21,O/O/O,"12""/16""",Multiple-15mm,german,,260,SdKfz 251/21,260,SdKfz 251/21,100.00%,37,SdKfz 251/1,95.65%,38,SdKfz 251/2,95.65%,,
87,SdKfz 251/3,O/O/O,"12""/16""",MG,german,,39,SdKfz 251/3,39,SdKfz 251/3,100.00%,254,SdKfz 251/23,95.65%,44,SdKfz 250/3,90.91%,,
88,SdKfz 251/4,O/O/O,"12""/16""",MG,german,,281,SdKfz 251/4,281,SdKfz 251/4,100.00%,37,SdKfz 251/1,90.91%,38,SdKfz 251/2,90.91%,,
28,SdKfz 251/9,O/O/O,"12""/16""",75mmL24,german,,40,SdKfz 251/9,40,SdKfz 251/9,100.00%,47,SdKfz 250/9,90.91%,37,SdKfz 251/1,90.91%,,
218,SdKfz 253,O/O/O,"12""/16""",,german,Tobruk,420,SdKfz 253,420,SdKfz 253,100.00%,44,SdKfz 250/3,90.00%,39,SdKfz 251/3,90.00%,,
219,SdKfz 254,O/O/O,"12""/16""",,german,Tobruk,421,SdKfz 254,421,SdKfz 254,100.00%,281,SdKfz 251/4,90.00%,282,SdKfz 247,88.89%,,
216,SdKfz 263,N/O/O,"8""/24""",MG,german,Tobruk,198,SdKfz 263,198,SdKfz 263,100.00%,33,SdKfz 223,88.89%,593,SdKfz 231,88.89%,,
199,Sdkfz 265 Pz. Bef. Wg,O/O/O,"8""/12""",MG,german,Tobruk,,,285,SdKfz 265 Panzerbefehlswagen,69.39%,36,SdKfz 236,53.33%,420,SdKfz 253,53.33%,,
116,Sexton,N/O/O,"8""/12""",25 pdr,british,,154,Sexton,154,Sexton,100.00%,138,Staghound,53.33%,264,Nashorn,46.15%,,
128,Sherman ARV,L/L/N,"9""/14""",MG,british,,109,M4 Sherman ARV,109,M4 Sherman ARV,88.00%,110,M4 Sherman BARV,84.62%,566,Sherman Kangaroo,74.07%,,
167,Sherman Kangaroo,K/L/N,"9""/14""",MG,british,,566,Sherman Kangaroo,566,Sherman Kangaroo,100.00%,147,Ram Kangaroo,78.57%,109,M4 Sherman ARV,66.67%,,
48,Staff car,?/?/?,"6""/24""",,german,,53,Staff car,53,Staff car,100.00%,56,Steyr Heavy car,58.33%,428,Heavy car,55.56%,,
186,Staff car,SS/SS/SS,"6""/24""",,italian,Tobruk,53,Staff car,53,Staff car,100.00%,56,Steyr Heavy car,58.33%,428,Heavy car,55.56%,,
149,Staghound,N/N/O,"8""/24""",37mmL53,british,,138,Staghound,138,Staghound,100.00%,139,Staghound AA,85.71%,142,M8 Greyhound,57.14%,,
150,Staghound AA,N/N/O,"8""/24""",2 x MGs,british,,139,Staghound AA,139,Staghound AA,100.00%,138,Staghound,85.71%,128,Centaur AA,54.55%,,
51,Steyr/Horch Heavy Car,?/?/?,"6""/24""",,german,,,,423,Horch Heavy car,83.33%,56,Steyr Heavy car,83.33%,428,Heavy car,60.00%,,
24,Sturmgeschutz,L/K/L,"10""/14""",MG,german,,,,189,StuG IV,72.73%,407,StuG 33B,66.67%,19,StuH 42 G,61.54%,,
129,Tetrarch,N/O/O,"14""/20""",2 pdr,british,,118,Tetrarch,118,Tetrarch,100.00%,119,Tetrarch CS,84.21%,234,Archer,57.14%,,
130,Tetrarch CS,N/O/O,"14""/20""","3"" How",british,,119,Tetrarch CS,119,Tetrarch CS,100.00%,118,Tetrarch,84.21%,333,A9 CS,50.00%,,
104,Valentine Bridgelayer,K/K/L,"5""/8""",,british,,131,Valentine Bridge,131,Valentine Bridge,86.49%,331,Valentine II,66.67%,87,Valentine III,64.71%,,
222,Valentine II,K/K/N,"6""/9""",2 pdr,british,Tobruk,331,Valentine II,331,Valentine II,100.00%,87,Valentine III,96.00%,573,Valentine III,96.00%,,
240,Valentine III,K/K/N,"5""/8""",2 pdr,british,Torch,87,Valentine III,87,Valentine III,100.00%,573,Valentine III,100.00%,417,Valentine VIII,96.30%,,
245,Valentine VIII,K/K/N,"5""/8""",6 pdr,british,Torch,417,Valentine VIII,417,Valentine VIII,100.00%,87,Valentine III,96.30%,573,Valentine III,96.30%,,
189,Van,SS/SS/SS,"6""/24""",,italian,Tobruk,,,92,Radio Van,50.00%,264,Nashorn,40.00%,331,Valentine II,40.00%,,
92,Vickers IV,O/O/O,"12""/18""",MG,british,,567,Vickers IV,567,Vickers IV,100.00%,326,Vickers VI,90.00%,328,Vickers VI C,81.82%,,
93,Vickers VI A,O/O/O,"12""/18""",MG,british,,327,Vickers VI A-B,327,Vickers VI A-B,92.31%,328,Vickers VI C,91.67%,326,Vickers VI,90.91%,,
94,Vickers VI B,O/O/O,"12""/18""",MG,british,,327,Vickers VI A-B,327,Vickers VI A-B,92.31%,328,Vickers VI C,91.67%,326,Vickers VI,90.91%,,
95,Vickers VI C,O/O/O,"12""/18""",15mm Besa,british,,328,Vickers VI C,328,Vickers VI C,100.00%,326,Vickers VI,90.91%,327,Vickers VI A-B,84.62%,,
136,Wasp,O/O/O,"10""/15""",F'thrower,british,,151,Wasp,151,Wasp,100.00%,29,Wespe,66.67%,333,A9 CS,44.44%,,
43,Wespe,N/O/O,"8""/12""",105mmL130,german,,29,Wespe,29,Wespe,100.00%,151,Wasp,66.67%,163,Jeep,44.44%,,
45,Wirbelwind,N/O/O,"8""/12""",Quad 20mmL15,german,,196,Wirbelwind,196,Wirbelwind,100.00%,54,Kübelwagen,50.00%,195,Möbelwagen,50.00%,,
