id,name,movement_REF,armor_REF,weapons_REF,special_rules_REF,ammo_1,ammo_2,ammo_3,ammo_4,mount_1,mount_2,mount_3,mount_4,year_range,vehicle_type,nation,armor_modifier,armor_side_schurzen,notes
462,'Bunkerflak',8/24,O/O/O,88mmL56 (FlaK36),,,,,,,,,,,,,,,
165,1 1/2 tonne truck,6/24,//,,,,,,,,,,,,,,,,
62,1 tonne SdKfz 10,12/16,//,,,,,,,,,,,,,,,,
173,1/4 tonne amphibian,6/24,//,,Amphibious,,,,,,,,,,,,,,
224,105mm PzFH18 auf 39H(f),8/12,N/N/O,105mmL28,,,,,,,,,,,,,,,
209,105mm leFH13 auf Lorraine,9/13,L/O/O,105mmL28,,,,,,,,,,,,,,,
66,12 tonne SdKfz 8,12/16,//,,,,,,,,,,,,,,,,
210,150mm sFH13 auf Lorraine,9/13,L/O/O,150mmL30,,,,,,,,,,,,,,,
67,18 tonne SdKfz 9,12/16,//,,"Recovery, Repair",,,,,,,,,,,,,,
166,2 1/2 tonne truck,6/24,//,,,,,,,,,,,,,,,,
63,3 tonne SdKfz 11,12/16,//,,,,,,,,,,,,,,,,
164,3/4 tonne truck 'Beep',6/24,//,,,,,,,,,,,,,,,,
358,39M Csaba,8/24,O/O/O,20mmL55,,,,,,,,,,,,,,,
167,4 tonne truck,6/24,//,,,,,,,,,,,,,,,,
359,40M Csaba,8/24,O/O/O,,,,,,,,,,,,,,,,
357,40M Nimród,10/15,M/O/O,40mmL60 Bofors,,,,,,,,,,,,,,,
354,40M Turán I,9/14,K/N/O,40mmL51,,,,,,,,,,,,,,,
355,41M Turán II,9/14,K/N(M)/O,75mmL25,,,,,,,,,,,,,,,
356,43M Zrinyi II,8/13,I/M(L)/N,105mmL20,,,,,,,,,,,,,,,
64,5 tonne SdKfz 6,12/16,//,,,,,,,,,,,,,,,,
168,6 tonne truck,6/24,//,,,,,,,,,,,,,,,,
225,75mm PaK40 auf 39H(f),8/12,N/N/O,75mmL46 (PaK40),,,,,,,,,,,,,,,
208,75mm PaK40 auf Lorraine,9/13,L/N/O,75mmL46 (PaK40),,,,,,,,,,,,,,,
226,75mm PaK40 auf mSPW S307(f),9/13,O/O/O,75mmL46 (PaK40),,,,,,,,,,,,,,,
454,7TP (MG),8/12,N/O/O,,,,,,,,,,,,,,,,
455,7TP 37mm,8/12,N/O/O,37mmL45,,,,,,,,,,,,,,,
65,8 tonne SdKfz 7,12/16,//,,,,,,,,,,,,,,,,
587,A10 Cruiser Mk I,5/8,M/N/O,2 pdr,Unreliable,,,,,,,,,,,,,,
334,A10 Cruiser Mk.II,5/8,M/N/O,2 pdr,Unreliable,,,,,,,,,,,,,,
470,A13 Cruiser Mk I,9/15,M/N/O,2 pdr,,,,,,,,,,,,,,,
335,A13 Cruiser Mk.III,,//,2 pdr,,,,,,,,,,,,,,,
321,A13 Mark II Cruiser Mk.IV,9/15,L/M/O,2 pdr,,,,,,,,,,,,,,,
333,A9 CS,8/12,N/O/O,"3"" Howitzer",Unreliable,,,,,,,,,,,,,,
332,A9 Cruiser Mk.I,8/12,N/O/O,2 pdr,Unreliable,,,,,,,,,,,,,,
498,ACG-1,9/13,M/N/O,47mmL32,Unreliable,,,,,,,,,,,,,,
140,AEC III,8/24,K/N/O,75mmL40,,,,,,,,,,,,,,,
181,AEC Matador,6/24,//,,Medium Gun tow,,,,,,,,,,,,,,
476,AMC-35,9/13,M/N/O,47mmL32,,,,,,,,,,,,,,,
472,AMR-35,3/6,N/O/O,,One man turret,,,,,,,,,,,,,,
400,AT-1,5/10,N/O/O,76.2mmL16,Unreliable,,,,,,,,,,,,,,
552,Albion Heavy Truck,6/24,//,,,,,,,,,,,,,,,,
312,Ansaldo 1ZM,8/12,O/O/O,,,,,,,,,,,,,,,,
234,Archer,6/10,N/O/O,17 pdr,,,,,,,,,,,,,,,
314,Armed Jeep,6/24,//,,,,,,,,,,,,,,,,
160,Armoured Bulldozer,4/6,O/O/O,,Engineer,,,,,,,,,,,,,,
347,"Armoured Carrier, Indian Pattern",8/24,N/O/O,Boys AT-rifle,,,,,,,,,,,,,,,
273,Armoured Jeep,6/24,O/O/O,,,,,,,,,,,,,,,,
572,Armoured Komsomolyets,10/15,O/O/O,,Light gun tow,,,,,,,,,,,,,,
502,Armoured Marmon-Herrington,6/24,O/O/O,,,,,,,,,,,,,,,,
597,Armoured Medium Truck (Opel Blitz),6/24,O/O/O,,,,,,,,,,,,,,,,
197,Armoured SdKfz 7/1,12/16,O/O/O,37mmL57,,,,,,,,,,,,,,,
184,Austin K2 ambulance,6/24,//,,Medic,,,,,,,,,,,,,,
297,Autoblinda AB41,8/12,N/O/O,,,,,,,,,,,,,,,,
310,Autoblinda-40,8/12,N/O/O,,,,,,,,,,,,,,,,
311,Autoblinda-41,8/12,N/O/O,20mmL65 Breda Cannon,,,,,,,,,,,,,,,
80,BA-10,8/24,N/O/O,45mmL46,,,,,,,,,,,,,,,
393,BA-20,8/24,N/O/O,,,,,,,,,,,,,,,,
392,BA-3,8/24,O/O/O,45mmL46,,,,,,,,,,,,,,,
81,BA-64,8/24,N/O/O,,,,,,,,,,,,,,,,
363,BAB Armoured Car,8/24,N/O/O,,,,,,,,,,,,,,,,
364,BAF Armoured Car,10/20,N/O/O,45mmL46,,,,,,,,,,,,,,,
79,BM-8-13 Katyusha,9/14,M/O/O,132mm Rocket,,,,,,,,,,,,,,,
383,BT-2,12/20,N/O/O,37mmL45,"Unreliable, One man turret",,,,,,,,,,,,,,
382,BT-2(MG),12/20,N/O/O,,"Unreliable, One man turret",,,,,,,,,,,,,,
367,BT-5,12/20,N/O/O,45mmL46,Unreliable,,,,,,,,,,,,,,
368,BT-7,15/22,N/O/O,45mmL46,Unreliable,,,,,,,,,,,,,,
384,BT-7A,15/22,N/O/O,76.2mmL16,Unreliable,,,,,,,,,,,,,,
379,BT-7M,15/22,M/O/O,45mmL46,Unreliable,,,,,,,,,,,,,,
176,Bedford MWD,6/24,//,,,,,,,,,,,,,,,,
177,Bedford OXD,6/24,//,,,,,,,,,,,,,,,,
178,Bedford OYD (Britsh Medium Truck),6/24,//,,,,,,,,,,,,,,,,
179,Bedford QLT/QLD,6/24,//,,,,,,,,,,,,,,,,
255,Bergehetzer,9/13,J/N/O,,"Recovery, Repair",,,,,,,,,,,,,,
188,Bergepanther,10/14,I/K/L,,"Recovery, Repair",,,,,,,,,,,,,,
190,Bergepanzer III,8/12,L/N/N,,"Recovery, Repair",,,,,,,,,,,,,,
411,Bishop,5/8,K/K/N,25 pdr,,,,,,,,,,,,,,,
14,Borgward B-IV,8/12,O/O/O,75mmL48 (PaK40),Remote control,,,,,,,,,,,,,,
265,Borgward B-IV Wanze,8/12,K/L/M,Panzerschreck,Multiple Hits,,,,,,,,,,,,,,
496,Brassel-Tal Heavy Truck,6/24,//,,Recovery,,,,,,,,,,,,,,
429,Breda 61,12/16,//,,,,,,,,,,,,,,,,
82,Bren Carrier,16/24,O/O/O,,,,,,,,,,,,,,,,
575,Bren Carrier,10/15,O/O/O,,,,,,,,,,,,,,,,
329,Bren Carrier with Boys AT-rifle,10/15,O/O/O,Boys AT-rifle,,,,,,,,,,,,,,,
26,Brummbar,8/12,H/L(K)/M,150mmL12 (sIG33),,,,,,,,,,,,,,,
434,Bulldozer,6/9,//,,,,,,,,,,,,,,,,
450,C2P Artillery Tractor,8/10,//,,One gun tow,,,,,,,,,,,,,,
300,CV-33,9/13,N/O/O,,,,,,,,,,,,,,,,
301,CV-35,9/13,N/O/O,Solothurn AT Rifle,,,,,,,,,,,,,,,
302,CV-35cc,9/13,N/O/O,,,,,,,,,,,,,,,,
308,CV-35cr,9/13,N/O/O,,Comms,,,,,,,,,,,,,,
303,CV-35lf,9/13,N/O/O,Flamethrower,,,,,,,,,,,,,,,
371,CV3/33 Tankette,8/13,O/O/O,,,,,,,,,,,,,,,,
349,Captured Kübelwagen,6/24,//,,,,,,,,,,,,,,,,
511,Carden Loyd Tankette,6/10,N/O/O,,,,,,,,,,,,,,,,
503,Carden Loyd Tractor,10/15,O/O/O,,,,,,,,,,,,,,,,
128,Centaur AA,9/14,K/L/M,20mmL55,Unreliable,,,,,,,,,,,,,,
127,Centaur IV,9/14,K/L/M,95mmL20,Unreliable,,,,,,,,,,,,,,
114,Challenger,10/15,K/L/M,17 pdr,,,,,,,,,,,,,,,
494,Char-2C,3/4,K/L/N,75mmL32,Unreliable,,,,,,,,,,,,,,
492,Char-B,6/9,K/L/M,"47mmL28, 75mmL17",One man turret,,,,,,,,,,,,,,
493,Char-B1 bis,6/9,J/K/M,"47mmL28, 75mmL17",One man turret,,,,,,,,,,,,,,
317,Chevrolet 30 cwt,6/24,//,,,,,,,,,,,,,,,,
336,Chevrolet 30 cwt with Boys AT-rifle,6/24,//,Boys AT-rifle,,,,,,,,,,,,,,,
337,Chevrolet 30 cwt with LMG,6/24,//,,,,,,,,,,,,,,,,
338,Chevrolet 30 cwt with LMG,6/24,//,,,,,,,,,,,,,,,,
126,Churchill ARV,5/8,I/J/J,,"Repair, Recovery",,,,,,,,,,,,,,
123,Churchill AVRE,5/8,I/J/J,280mm Petard,,,,,,,,,,,,,,,
125,Churchill Ark,5/8,I/J/J,,Bridging,,,,,,,,,,,,,,
124,Churchill Crocodile,5/8,E/I/I,"Flamethrower, 75mmL40",,,,,,,,,,,,,,,
419,Churchill I,5/8,I/J/J,"2 pdr, 3"" Howitzer",Unreliable,,,,,,,,,,,,,,
418,Churchill II,5/8,I/J/J,2 pdr,,,,,,,,,,,,,,,
88,Churchill III/IV,5/8,I/J/J,6 pdr (57mmL46),,,,,,,,,,,,,,,
562,Churchill IV Fascine,5/8,I/J/J,6 pdr (57mmL46),Bridging,,,,,,,,,,,,,,
120,Churchill V,5/8,I/J/J,95mmL20,,,,,,,,,,,,,,,
121,Churchill VI,5/8,I/J/J,75mmL40,,,,,,,,,,,,,,,
122,Churchill VII,5/8,E/I/I,75mmL40,,,,,,,,,,,,,,,
149,Churchill VIII,5/8,E/I/I,95mmL20,,,,,,,,,,,,,,,
479,Citroen U23 Truck,6/24,//,,,,,,,,,,,,,,,,
235,Comet,12/16,H/J/K,77mmL50,,,,,,,,,,,,,,,
113,Cromwell ARV,12/20,L/L/M,,"Recovery, Repair",,,,,,,,,,,,,,
111,Cromwell IV or V,12/20,K/L/M,75mmL40,,,,,,,,,,,,,,,
112,Cromwell IV or V HQ,12/20,K/L/M,,,,,,,,,,,,,,,,
233,Crusader AA 'Triple',8/12,L/N/O,20mmL55,,,,,,,,,,,,,,,
129,Crusader AA I,8/12,L/N/O,40mmL60 Bofors,,,,,,,,,,,,,,,
130,Crusader AA II,8/12,L/N/O,20mmL55,,,,,,,,,,,,,,,
322,Crusader I,9/13,L/M/O,2 pdr,Unreliable,,,,,,,,,,,,,,
323,Crusader II,9/13,K/M/O,2 pdr,,,,,,,,,,,,,,,
339,Crusader II CS,9/13,K/M/O,"3"" Howitzer",,,,,,,,,,,,,,,
410,Crusader III,9/13,K/M/O,6 pdr (57mmL46),,,,,,,,,,,,,,,
152,Crusader Tractor,8/12,L/N/O,,,,,,,,,,,,,,,,
510,DAF 39,8/12,N/N/O,37mmL45 Bofors,,,,,,,,,,,,,,,
175,DUKW,6/24,//,,Amphibious,,,,,,,,,,,,,,
137,Daimler,8/24,M/O/O,2 pdr,,,,,,,,,,,,,,,
136,Daimler Dingo,8/12,N/O/O,,,,,,,,,,,,,,,,
174,Dodge ambulance,6/24,//,,Medic,,,,,,,,,,,,,,
159,Dorchester ACV,6/24,O/O/O,,Comms,,,,,,,,,,,,,,
490,FCM-36,4/6,L/M/O,37mmL21,One man turret,,,,,,,,,,,,,,
505,FN Kegresse,12/18,//,,Gun tow,,,,,,,,,,,,,,
506,FN Tricar,6/24,//,,,,,,,,,,,,,,,,
437,FT-17,3/6,N/O/O,37mmL21,,,,,,,,,,,,,,,
448,FT-17 (MG),3/6,N/O/O,,,,,,,,,,,,,,,,
24,Ferdinand,6/9,A/J/N,88mmL71 (PaK43),,,,,,,,,,,,,,,
296,Fiat L6/40,9/13,L/O/O,,,,,,,,,,,,,,,,
194,Flakpanzer 38(t),9/13,M/O/O,20mmL55,,,,,,,,,,,,,,,
250,Flammpanzer Hetzer,10/14,H/K/L,75mmL48 (PaK40),,,,,,,,,,,,,,,
352,Flammpanzer I,8/12,O/O/O,Flamethrower,,,,,,,,,,,,,,,
292,Flammpanzer II,10/14,N/O/O,Flamethrower,,,,,,,,,,,,,,,
5,Flammpanzer III,8/12,K/N/N,Flamethrower,,,,,,,,,,,,,,,
256,Flammwagen Pz B-2(f),4/8,K/K/N,"Flamethrower, 47mmL43",,,,,,,,,,,,,,,
90,Gaz Jeep,6/24,//,,,,,,,,,,,,,,,,
564,Goliath,4/5,O/O/O,,Demo Charge,,,,,,,,,,,,,,
27,Grille H,7/11,L/N/O,150mmL12 (sIG33),,,,,,,,,,,,,,,
28,Grille K,7/11,N/O/O,150mmL12 (sIG33),,,,,,,,,,,,,,,
422,Grille auf Pz II,8/12,M/N/O,150mmL12 (sIG33),Unreliable,,,,,,,,,,,,,,
325,Guy Lizard Armoured Command Vehicle,6/24,O/O/O,,,,,,,,,,,,,,,,
471,Guy Mk I,8/12,N/O/O,,,,,,,,,,,,,,,,
473,H-35,8/12,N/N/N,37mmL21,One man turret,,,,,,,,,,,,,,
206,H-38,,M/N/N,37mmL21,,,,,,,,,,,,,,,
582,H-38 Panzerturm,,M/N/N,37mmL21,One man turret,,,,,,,,,,,,,,
474,H-39,8/12,M/N/N,37mmL21,One man turret,,,,,,,,,,,,,,
318,Heavy Repair Truck,6/24,//,,"Repair, Recovery",,,,,,,,,,,,,,
61,Heavy Truck,6/24,//,,,,,,,,,,,,,,,,
428,Heavy car,6/24,//,,,,,,,,,,,,,,,,
249,Hetzer 38(t),9/13,I/N/O,75mmL48 (PaK40),,,,,,,,,,,,,,,
423,Horch Heavy car,6/24,//,,,,,,,,,,,,,,,,
25,Hornisse,8/12,N/O/O,88mmL71 (PaK43),,,,,,,,,,,,,,,
93,Horse & Limber,4/6,//,,,,,,,,,,,,,,,,
94,Horse drawn wagon,4/6,//,,,,,,,,,,,,,,,,
319,Humber II,8/12,N/O/O,15mm Besa,,,,,,,,,,,,,,,
135,Humber IV,8/24,M/O/O,37mmL53,,,,,,,,,,,,,,,
141,Humber LRC I,8/24,O/O/O,,,,,,,,,,,,,,,,
346,Humber Light Recce Vehicle,8/12,O/O/O,,,,,,,,,,,,,,,,
134,Humber Scout Car,8/24,O/O/O,,,,,,,,,,,,,,,,
30,Hummel,8/12,N/O/O,150mmL30,,,,,,,,,,,,,,,
237,IS-II,8/12,H/K/L,122mmL43,,,,,,,,,,,,,,,
238,ISU-122,8/12,H/K/L,122mmL43,,,,,,,,,,,,,,,
239,ISU-152,8/12,H/K/L,152mmL29,,,,,,,,,,,,,,,
584,Italian Medium Truck,6/24,//,,,,,,,,,,,,,,,,
192,Jagdpanther,10/14,H/L/L,88mmL71 (PaK43),,,,,,,,,,,,,,,
191,Jagdpanzer IV (L48),8/12,I/N(M)/N,75mmL48 (PaK40),,,,,,,,,,,,,,,
263,Jagdpanzer IV (L70),8/12,H/M(L)/N,75mmL70,,,,,,,,,,,,,,,
258,Jagdtiger,5/9,A/I/J,128mmL55 (PaK44),,,,,,,,,,,,,,,
163,Jeep,6/24,//,,,,,,,,,,,,,,,,
568,KV-1,6/11,I/K/L,76.2mmL42,,,,,,,,,,,,,,,
402,KV-1A (L30),6/10,H/K/L,76.2mmL30,Unreliable,,,,,,,,,,,,,,
73,KV-1E,5/10,H/K/L,76.2mmL42,Unreliable,,,,,,,,,,,,,,
569,KV-1E,5/10,H/K/L,76.2mmL42,,,,,,,,,,,,,,,
70,KV-1S,8/12,J/K/M,76.2mmL42,,,,,,,,,,,,,,,
74,KV-2,4/8,J/K/M,152mmL24,Unreliable,,,,,,,,,,,,,,
576,KV-2,4/8,H/K/L,152mmL24,Unreliable,,,,,,,,,,,,,,
408,KV-8,7/11,I/K/L,"76.2mmL42, Flamethrower",,,,,,,,,,,,,,,
230,KV-85,8/12,H/K/l,85mmL54,,,,,,,,,,,,,,,
52,Kettenkrad,14/22,//,,,,,,,,,,,,,,,,
463,Kfz 13,8/24,O/O/O,,,,,,,,,,,,,,,,
467,Kfz 14,8/24,O/O/O,,,,,,,,,,,,,,,,
240,Komintern tractor,12/16,//,,Medium gun tow,,,,,,,,,,,,,,
95,Komsomolyets tractor,12/16,//,,Light gun tow,,,,,,,,,,,,,,
459,Krüpp Protze Kfz69,12/16,//,,,,,,,,,,,,,,,,
57,Krüpp Protze Kfz70,6/24,//,,,,,,,,,,,,,,,,
54,Kübelwagen,6/24,//,,,,,,,,,,,,,,,,
549,LVT(A)-1,5/10,N/O/O,37mmL53,"Amphibious, Unreliable",,,,,,,,,,,,,,
547,LVT(A)-2,5/10,N/O/O,,"Amphibious, Unreliable",,,,,,,,,,,,,,
550,LVT(A)-4,5/10,L/N/O,75mmL16,Amphibious,,,,,,,,,,,,,,
551,LVT(A)-4 Flamethrower,5/10,L/N/O,Flamethrower,Amphibious,,,,,,,,,,,,,,
539,LVT-1,4/6,//,,"Amphibious, Unreliable",,,,,,,,,,,,,,
540,LVT-2,6/9,//,,"Amphibious, Unreliable",,,,,,,,,,,,,,
583,LVT-4,5/10,N/O/O,,Amphibious,,,,,,,,,,,,,,
548,LVT-4 Buffalo,6/10,O/O/O,,Amphibious,,,,,,,,,,,,,,
570,LVT-4 Buffalo 20mm,6/10,O/O/O,20mm,Amphibious,,,,,,,,,,,,,,
440,Laffly 50AM,8/24,O/O/O,37mmL21,,,,,,,,,,,,,,,
480,Laffly S15 Heavy Car,6/24,//,,,,,,,,,,,,,,,,
481,Laffly S20TL Truck,6/24,//,,,,,,,,,,,,,,,,
486,Laffly W15TCC Tank Hunter,12/18,//,47mmL53 SA37 APX,,,,,,,,,,,,,,,
350,Lancia 3RO Heavy Truck,6/24,//,,,,,,,,,,,,,,,,
541,Landing Craft Assault (LCA),9/0,//,,,,,,,,,,,,,,,,
557,Landing Craft Control (LCC),9/0,//,,2 x twin .50 cal HMGs,,,,,,,,,,,,,,
560,Landing Craft Flak (LCF),6/0,//,"2 pdr, 20mm","4 x 2 pdrs, 8 x 20mm cannon",,,,,,,,,,,,,,
559,Landing Craft Gun (LCG),6/0,//,"4.7"" naval gun","2 x 4.7"" guns""",,,,,,,,,,,,,,
558,Landing Craft Infantry (LCI),6/0,//,20mm,4 x 20mm Cannons,,,,,,,,,,,,,,
543,Landing Craft Mechanised (LCM),6/0,//,,OR 1 vehicle/gun,,,,,,,,,,,,,,
546,Landing Craft Rocket (LCR),6/0,//,"5"" Rocket",Drenching barrage,,,,,,,,,,,,,,
545,Landing Craft Support (LCS),9/0,//,,3 x .50 cal HMGs,,,,,,,,,,,,,,
544,Landing Craft Tank (LCT),6/0,//,2 pdr,4 vehicle capacity,,,,,,,,,,,,,,
542,Landing Craft Vehicle Personnel (LCVP),9/0,//,,2 x .30 cal MMGs,,,,,,,,,,,,,,
561,Landing Ship Tank (LST),6/0,//,"40mmL60 Bofors, 20mm","1 x 40mm cannon, 6 x 20mm cannon, 14 vehicles",,,,,,,,,,,,,,
508,Landsverk M36,9/14,N/N/O,37mmL45 Bofors,,,,,,,,,,,,,,,
509,Landsverk M38,9/14,N/N/O,37mmL45 Bofors,,,,,,,,,,,,,,,
507,Latil Tractor,6/24,//,,Gun tow,,,,,,,,,,,,,,
180,Leyland Hippo,6/24,//,,,,,,,,,,,,,,,,
304,Light Car,6/24,//,,,,,,,,,,,,,,,,
316,Light Truck,6/24,//,,,,,,,,,,,,,,,,
478,Lorraine Carrier 37L,8/11,O/O/O,47mmL53 SA37 APX,,,,,,,,,,,,,,,
495,Lorraine Carrier 37L CC with 47mmL,8/11,O/O/O,47mmL53 SA37 APX,,,,,,,,,,,,,,,
491,Lorraine Carrier 38L,8/11,O/O/O,,,,,,,,,,,,,,,,
220,Lorraine Schlepper Beobachtungswagen,9/13,L/N/N,,,,,,,,,,,,,,,,
150,Loyd Carrier,10/15,O/O/O,,,,,,,,,,,,,,,,
172,M1 Wrecker,6/24,//,,Recovery,,,,,,,,,,,,,,
133,M10 Achilles,9/14,M/N/O,17 pdr,,,,,,,,,,,,,,,
132,M10 Wolverine,9/14,M/N/O,"76mmL53 (3"")",,,,,,,,,,,,,,,
307,M11/39,6/10,M/O/O,37mmL40,,,,,,,,,,,,,,,
158,M12 Halftrack,8/12,O/O/O,155mmL45,,,,,,,,,,,,,,,
435,M13,,//,,,,,,,,,,,,,,,,
309,M13/40,5/9,L/N/N,47mmL32,,,,,,,,,,,,,,,
313,M14/41,6/11,L/M/N,47mmL32,,,,,,,,,,,,,,,
145,M15,12/24,N/O/O,37mmL53,,,,,,,,,,,,,,,
144,M16,12/24,N/O/O,,,,,,,,,,,,,,,,
245,M17 MGMC,8/24,N/O/O,,,,,,,,,,,,,,,,
269,M18 Hellcat,14/24,M/N/O,"76mmL53 (3"")",,,,,,,,,,,,,,,
275,M19 GMC,12/18,M/N/O,40mmL60 Bofors,,,,,,,,,,,,,,,
143,M20 Utility Car,8/24,N/O/O,,,,,,,,,,,,,,,,
232,M24 Chaffee,12/18,L/N/N,75mmL40,,,,,,,,,,,,,,,
266,M26 Pershing,8/12,H/L/M,90mmL53,,,,,,,,,,,,,,,
169,M29 Water Weasel,12/18,//,,Amphibious,,,,,,,,,,,,,,
415,M3 GMC,12/24,N/O/O,75mmL36,,,,,,,,,,,,,,,
85,M3 Grant,8/13,L/M/O,"37mmL53, 75mmL30",,,,,,,,,,,,,,,
148,M3 Halftrack,12/24,N/O/O,,,,,,,,,,,,,,,,
324,M3 Honey,12/18,M/N/N,37mmL53,,,,,,,,,,,,,,,
553,M3 Honey 'Jalopy',12/18,M/N/N,,,,,,,,,,,,,,,,
432,M3 Lee,8/13,L/M/O,"37mmL53, 75mmL30",,,,,,,,,,,,,,,
431,M3 Stuart,12/18,M/N/N,37mmL53,,,,,,,,,,,,,,,
537,M3 Stuart 'Satan',12/18,M/N/N,37mmL53,,,,,,,,,,,,,,,
162,M30 Cargo Carrier,8/12,O/O/O,,Resupply,,,,,,,,,,,,,,
416,M31 ARV,8/13,L/M/O,,"Repair, Recovery",,,,,,,,,,,,,,
161,M32 ARV,8/12,L/M/O,,"Recovery, Repair",,,,,,,,,,,,,,
153,M35 Primer Mover,9/14,M/N/O,,,,,,,,,,,,,,,,
268,M36 Jackson,9/14,M/N/O,90mmL53,,,,,,,,,,,,,,,
89,M3A1 Stuart,12/18,L/N/M,37mmL53,,,,,,,,,,,,,,,
574,M3A1 Stuart,12/18,M/N/N,37mmL53,,,,,,,,,,,,,,,
115,M3A3 'Honey',12/18,M/N/N,37mmL53,,,,,,,,,,,,,,,
106,M4 DD Sherman,9/14,K/L/N,75mmL40,Duplex drive,,,,,,,,,,,,,,
170,M4 High Speed Tractor,10/15,//,,Medium gun tow,,,,,,,,,,,,,,
538,M4 Sherman 'Zippo',9/14,K/L/N,"75mmL40, Flamethrower",,,,,,,,,,,,,,,
105,M4 Sherman (105mm),9/14,K/L/N,105mmL22,,,,,,,,,,,,,,,
104,M4 Sherman (76mm),9/14,K/L/N,"76mmL53 (3"")",,,,,,,,,,,,,,,
100,"M4 Sherman (A1,A2,A3)",9/14,K/L/N,75mmL40,,,,,,,,,,,,,,,
109,M4 Sherman ARV,9/14,K/L/N,,"Recovery, Repair",,,,,,,,,,,,,,
110,M4 Sherman BARV,9/14,K/L/N,,"Amphibious, Repair",,,,,,,,,,,,,,
270,M4 Sherman Calliope,9/14,K/L/M,"75mmL40, 4.5"" Rocket",,,,,,,,,,,,,,,
107,M4 Sherman Crab,9/14,K/L/N,75mmL40,Engineer,,,,,,,,,,,,,,
274,M4 Sherman Crocodile,9/14,K/L/M,"Flamethrower, 75mmL40",,,,,,,,,,,,,,,
108,M4 Sherman Dozer,9/14,K/L/N,75mmL40,Engineer,,,,,,,,,,,,,,
571,M4 Sherman Mineroller,9/14,K/L/N,75mmL40,Engineer,,,,,,,,,,,,,,
157,M4 or M21 Halftrack,12/24,N/O/O,"3"" mortar",,,,,,,,,,,,,,,
271,M40 GMC,8/12,O/O/O,155mmL36,,,,,,,,,,,,,,,
272,M43 GMC,8/12,O/O/O,"8"" (230mmL50)",,,,,,,,,,,,,,,
276,M4A3E2 Sherman Jumbo,7/11,G/K/M,75mmL40,,,,,,,,,,,,,,,
277,M4A3E2 Sherman Jumbo(76),7/11,G/K/M,"76mmL53 (3"")",,,,,,,,,,,,,,,
267,M4A3E8,10/15,K/L/M,"76mmL53 (3"")",,,,,,,,,,,,,,,
101,M4A4 Sherman,8/12,K/L/N,75mmL40,,,,,,,,,,,,,,,
102,M4A4 Sherman Firefly,8/12,K/L/N,17 pdr,,,,,,,,,,,,,,,
103,M4A4 Sherman HQ,8/12,K/L/N,,,,,,,,,,,,,,,,
83,M5 Halftrack,12/24,N/O/O,,,,,,,,,,,,,,,,
171,M5 High Speed Tractor,10/15,//,,Heavy gun tow,,,,,,,,,,,,,,
116,M5 Stuart,12/18,L/N/M,37mmL53,,,,,,,,,,,,,,,
117,M5 Stuart 'Recce',12/18,L/N/M,,,,,,,,,,,,,,,,
436,M6 GMC Portee'd 37mm,6/24,//,37mmL53,,,,,,,,,,,,,,,
142,M8 Greyhound,8/24,N/O/O,37mmL53,,,,,,,,,,,,,,,
156,M8 HMC,12/18,L/N/N,75mmL16,,,,,,,,,,,,,,,
146,M9 Halftrack,12/24,N/O/O,,,,,,,,,,,,,,,,
20,Marder II,8/12,N/O/O,75mmL46 (PaK40),,,,,,,,,,,,,,,
23,Marder III (38t PaK 36r),9/13,L/N/O,76.2mmL54 Zis3,,,,,,,,,,,,,,,
21,Marder III H,8/12,L/N/O,75mmL46 (PaK40),,,,,,,,,,,,,,,
22,Marder III M,9/13,N/O/O,75mmL46 (PaK40),,,,,,,,,,,,,,,
342,Marmon Herrington I,8/12,O/O/O,,,,,,,,,,,,,,,,
343,Marmon Herrington II,8/12,O/O/O,Boys AT-rifle,,,,,,,,,,,,,,,
344,Marmon Herrington II A,8/12,O/O/O,20mmL65 Breda Cannon,,,,,,,,,,,,,,,
345,Marmon Herrington II A,8/12,O/O/O,37mmL43 (PaK36),,,,,,,,,,,,,,,
412,Marmon Herrington III,8/12,O/O/O,Boys AT-rifle,,,,,,,,,,,,,,,
413,Marmon Herrington III A,8/12,O/O/O,,,,,,,,,,,,,,,,
504,Marmon-Herrington Car,6/24,//,,,,,,,,,,,,,,,,
556,Matilda 'Frog',5/8,J/K/L,Flamethrower,flamethrower_turret,,,,,,,,,,,,,,
555,Matilda Dozer,5/8,J/K/L,2 pdr,Engineer,,,,,,,,,,,,,,
469,Matilda I,3/4,K/K/L,,,,,,,,,,,,,,,,
86,Matilda II,5/8,J/K/L,2 pdr,,,,,,,,,,,,,,,
330,Matilda II CS,5/8,J/K/L,"3"" Howitzer",,,,,,,,,,,,,,,
414,Matilda Scorpion,5/8,J/K/L,2 pdr,"Engineer, Unreliable",,,,,,,,,,,,,,
585,Medium Radio Truck,6/24,//,,,,,,,,,,,,,,,,
586,Medium Radio Truck,6/24,//,,,,,,,,,,,,,,,,
91,Medium Truck,6/24,//,,,,,,,,,,,,,,,,
320,Medium Truck with LMG,6/24,//,,,,,,,,,,,,,,,,
315,Morris C8 Tractor,8/24,//,,Gun tow,,,,,,,,,,,,,,
348,Morris CDSW,8/24,//,,Gun tow,,,,,,,,,,,,,,
340,Morris CS9,8/12,O/O/O,Boys AT-rifle,,,,,,,,,,,,,,,
293,Morris LRC,8/12,O/O/O,Boys AT-rifle,,,,,,,,,,,,,,,
182,Morris Quad,8/24,//,,Gun tow,,,,,,,,,,,,,,
50,Motorcycle,6/24,//,,,,,,,,,,,,,,,,
51,Motorcycle and sidecar,6/24,//,,,,,,,,,,,,,,,,
31,Munitions Carrier,8/12,N/O/O,,Resupply,,,,,,,,,,,,,,
195,Möbelwagen,8/12,L/N/O,37mmL57,,,,,,,,,,,,,,,
264,Nashorn,8/12,N/O/O,88mmL71 (PaK43),,,,,,,,,,,,,,,
533,Nissan 80/180 Truck,6/24,//,,,,,,,,,,,,,,,,
298,OA Vz30,8/24,O/O/O,,,,,,,,,,,,,,,,
370,OT-130 Flamethrower Tank,5/10,N/O/O,Flamethrower,Unreliable,,,,,,,,,,,,,,
578,OT-26,5/10,N/O/O,Flamethrower,Unreliable,,,,,,,,,,,,,,
244,OT-34,12/16,K/L/M,"Flamethrower, 76.2mmL42",T-34 Mobility,,,,,,,,,,,,,,
395,OT-7,15/22,N/O/O,Flamethrower,Unreliable,,,,,,,,,,,,,,
58,Opel Blitz (German Medium Truck),6/24,//,,,,,,,,,,,,,,,,
59,Opel Maultier,12/16,//,,,,,,,,,,,,,,,,
261,Ostwind,8/12,L/N/O,37mmL57,,,,,,,,,,,,,,,
483,P19 Kegresse Half Track,12/18,//,,,,,,,,,,,,,,,,
485,P19 Kegresse Tank Hunter,12/18,//,25mmL72 S.A. Mle gun,,,,,,,,,,,,,,,
243,PT-34,12/16,K/L/M,76.2mmL42,"T-34 Mobility, Mineroller",,,,,,,,,,,,,,
563,PaK40 auf RSO,6/9,N/O/O,75mmL46 (PaK40),,,,,,,,,,,,,,,
202,Panhard 178,8/24,N/O/O,25mmL47,,,,,,,,,,,,,,,
187,Panther A/G,10/14,H/K/L,75mmL70,,,,,,,,,,,,,,,
10,Panther D,10/14,H/K/L,75mmL70,Unreliable,,,,,,,,,,,,,,
565,Pantherturm,,H/M/M,75mmL70,,,,,,,,,,,,,,,
278,Panzer 35(t),7/11,N/O/O,37mmL40,,,,,,,,,,,,,,,
222,Panzer 35H 735(f),8/12,N/N/N,37mmL21,One man turret,,,,,,,,,,,,,,
68,Panzer 35R 731(f),8/12,M/N/N,37mmL21,One man turret,,,,,,,,,,,,,,
69,Panzer 35S 739(f),10/14,L/M/N,47mmL32,One man turret,,,,,,,,,,,,,,
279,Panzer 38(t),9/13,L/N/O,37mmL46,,,,,,,,,,,,,,,
280,Panzer 38(t) Panzerbefehlswagen,9/13,L/N/O,,,,,,,,,,,,,,,,
218,Panzer 38H 735(f) auf 28cm Wurfrahmen,8/12,N/N/N,"280mm Nebelwerfer, 37mmL21",,,,,,,,,,,,,,,
219,Panzer 39H Beobachtungswagen,8/12,M/N/N,,,,,,,,,,,,,,,,
223,Panzer FT17/18(f),3/6,N/O/O,37mmL21,One man turret,,,,,,,,,,,,,,
286,Panzer I,8/12,O/O/O,,,,,,,,,,,,,,,,
360,Panzer I Ambulance,8/12,O/O/O,,Medic,,,,,,,,,,,,,,
460,Panzer I Brückenleger,8/10,O/O/O,,Bridging,,,,,,,,,,,,,,
591,Panzer I ausf F,8/12,O/O/O,,,,,,,,,,,,,,,,
461,Panzer I munitions-schlepper,8/12,O/O/O,,,,,,,,,,,,,,,,
287,Panzer II C,10/14,O/O/O,20mmL55,,,,,,,,,,,,,,,
13,Panzer II F,8/12,N/O/O,20mmL55,,,,,,,,,,,,,,,
251,Panzer II L 'Luchs',10/14,N/O/O,20mmL55,,,,,,,,,,,,,,,
592,Panzer II VK1601,7/10,I/K/M,20mmL55,,,,,,,,,,,,,,,
465,Panzer III D,8/12,N/N/N,37mmL46,,,,,,,,,,,,,,,
466,Panzer III E,8/12,M/N/N,37mmL46,,,,,,,,,,,,,,,
351,Panzer III E Befehlswagen,8/12,M/N/N,,,,,,,,,,,,,,,,
457,Panzer III E Panzerbefehlswagen,8/12,M/N/N,,,,,,,,,,,,,,,,
288,Panzer III F,8/12,M/N/N,37mmL46,,,,,,,,,,,,,,,
289,Panzer III G,8/12,M/N/N,50mmL42,,,,,,,,,,,,,,,
369,Panzer III H,8/12,L/N/N,50mmL42,,,,,,,,,,,,,,,
6,Panzer III H Observation Tank,8/12,N/N/N,,,,,,,,,,,,,,,,
361,Panzer III H Panzerbefehlswagen,8/12,L/N/N,50mmL42,,,,,,,,,,,,,,,
1,Panzer III J,8/12,L/N/N,50mmL42,,,,,,,,,,,,,,,
404,Panzer III J (lang),8/12,L/N/N,50mmL60 (PaK38),,,,,,,,,,,,,,,
2,Panzer III L,8/12,K/N/N,50mmL60 (PaK38),,,,,,,,,,,,,,,
3,Panzer III M,8/12,K/N(M)/N,50mmL60 (PaK38),,,,,,,,,,,,,,,
4,Panzer III N,8/12,K/N(M)/N,75mmL24,,,,,,,,,,,,,,,
468,Panzer IV A-C,8/12,M/O/O,75mmL24,,,,,,,,,,,,,,,
406,Panzer IV Brückenleger,8/12,M/N/O,,Bridging,,,,,,,,,,,,,,
96,Panzer IV D,8/12,M/N/N,75mmL24,,,,,,,,,,,,,,,
185,Panzer IV D,8/12,M/N/N,75mmL24,,,,,,,,,,,,,,,
458,Panzer IV D,8/12,M/N/N,75mmL24,,,,,,,,,,,,,,,
7,Panzer IV E-F1,8/12,L/N/N,75mmL24,,,,,,,,,,,,,,,
405,Panzer IV F2,8/12,L/N/N,75mm L43,,,,,,,,,,,,,,,
8,Panzer IV G,8/12,L/N(M)/N,75mmL43,,,,,,,,,,,,,,,
9,Panzer IV H/J,8/12,K/N(M)/N,75mmL48 (PaK40),,,,,,,,,,,,,,,
12,Panzer T-34(r),12/16,K/L/M,76.2mmL42,T-34 Mobility,,,,,,,,,,,,,,
227,Panzerjaeger 35R,8/12,M/O/O,47mmL43,,,,,,,,,,,,,,,
283,Panzerjaeger auf Pz I,8/12,O/O/O,47mmL43,,,,,,,,,,,,,,,
193,Panzerwerfer,12/16,O/O/O,150mm Nebelwerfer,,,,,,,,,,,,,,,
442,Polski Fiat 508 Car,6/24,//,,,,,,,,,,,,,,,,
443,Polski Fiat 621 Truck,6/24,//,,,,,,,,,,,,,,,,
155,Priest,9/14,N/O/O,105mmL22,,,,,,,,,,,,,,,
207,Pz-III Panzerturm,,M/N/N,75mmL24,,,,,,,,,,,,,,,
594,PzSpWg 201(h),8/24,O/O/O,37mmL57,,,,,,,,,,,,,,,
596,PzSpWg 202(h) 20mm,8/24,N/O/O,20mmL60,,,,,,,,,,,,,,,
595,PzSpWg 202(h) 37mm,8/24,N/O/O,37mmL46,,,,,,,,,,,,,,,
204,R-35,8/12,M/N/N,37mmL21,One man turret,,,,,,,,,,,,,,
205,R-35 (MG only),8/12,M/N/N,,,,,,,,,,,,,,,,
581,R-35 (MG) Panzerturm,,M/N/N,37mmL21,One man turret,,,,,,,,,,,,,,
580,R-35 Panzerturm,,M/N/N,37mmL21,One man turret,,,,,,,,,,,,,,
372,R-35 Tank,8/12,M/N/N,37mmL21,One man turret,,,,,,,,,,,,,,
475,R-40,9/13,M/N/N,37mmL35,One man turret,,,,,,,,,,,,,,
374,R1 (AH-IV) Tankette,10/14,O/O/O,,One man turret,,,,,,,,,,,,,,
60,RSO,9/12,//,,,,,,,,,,,,,,,,
92,Radio Van,6/24,//,,,,,,,,,,,,,,,,
147,Ram Kangaroo,9/14,K/M/M,,,,,,,,,,,,,,,,
482,Renault AHS Truck,6/24,//,,,,,,,,,,,,,,,,
439,Renault D-1,4/6,L/N/O,47mmL32,,,,,,,,,,,,,,,
477,Renault D-2,5/7,L/N/O,47mmL32,,,,,,,,,,,,,,,
588,Repair Truck,6/24,//,,Repair,,,,,,,,,,,,,,
341,Rolls Royce Armoured Car,8/12,O/O/O,Boys AT-rifle,,,,,,,,,,,,,,,
306,SPA AS37,8/24,//,,,,,,,,,,,,,,,,
430,SPA AS42,8/24,//,,,,,,,,,,,,,,,,
305,SPA TL37,8/24,//,,,,,,,,,,,,,,,,
394,ST-26,5/10,N/O/O,,"Unreliable, Bridging",,,,,,,,,,,,,,
98,SU-100,12/16,I/L/M,100mmL54,T-34 Mobility,,,,,,,,,,,,,,
398,SU-12,6/24,//,76.2mmL16,,,,,,,,,,,,,,,
77,SU-122,12/16,L/M/N,122mmL23,,,,,,,,,,,,,,,
78,SU-152,10/14,J/K/L,152mmL29,,,,,,,,,,,,,,,
399,SU-5,5/10,N/O/O,122mm L12,Unreliable,,,,,,,,,,,,,,
247,SU-57,12/24,N/O/O,6 pdr (57mmL46),,,,,,,,,,,,,,,
76,SU-76M,9/14,N/O/O,76.2mmL54 Zis3,,,,,,,,,,,,,,,
229,SU-85,12/16,K/L/M,85mmL54,T-34 Mobility,,,,,,,,,,,,,,
183,Scammel Pioneer,6/24,//,,"Recovery, Repair",,,,,,,,,,,,,,
441,Schneider P16,10/15,O/O/O,37mmL21,,,,,,,,,,,,,,,
55,Schwimmwagen,6/24,//,,Amphibious,,,,,,,,,,,,,,
252,SdKfz 140/1 Aufklaerungspanzerwagen 38,9/13,M/O/O,20mmL55,,,,,,,,,,,,,,,
294,SdKfz 221,8/24,O/O/O,,,,,,,,,,,,,,,,
32,SdKfz 222,8/24,O/O/O,20mmL55,,,,,,,,,,,,,,,
33,SdKfz 223,8/24,O/O/O,,,,,,,,,,,,,,,,
593,SdKfz 231,8/24,N/O/O,20mmL55,,,,,,,,,,,,,,,
34,SdKfz 232,8/24,N/O/O,20mmL55,,,,,,,,,,,,,,,
35,SdKfz 233,8/24,N/O/O,75mmL24,,,,,,,,,,,,,,,
199,SdKfz 234/1,8/24,N/O/O,20mmL55,,,,,,,,,,,,,,,
200,SdKfz 234/2,8/24,N/O/O,50mmL60 (PaK38),,,,,,,,,,,,,,,
201,SdKfz 234/3,8/24,N/O/O,75mmL24,,,,,,,,,,,,,,,
253,SdKfz 234/4,8/24,N/O/O,75mmL46 (PaK40),,,,,,,,,,,,,,,
36,SdKfz 236,8/24,N/O/O,,,,,,,,,,,,,,,,
282,SdKfz 247,8/24,O/O/O,,,,,,,,,,,,,,,,
43,SdKfz 250/1,12/16,O/O/O,,,,,,,,,,,,,,,,
48,SdKfz 250/10,12/16,O/O/O,37mmL43 (PaK36),,,,,,,,,,,,,,,
49,SdKfz 250/11,12/16,O/O/O,28mmPzB41,,,,,,,,,,,,,,,
44,SdKfz 250/3,12/16,O/O/O,,,,,,,,,,,,,,,,
45,SdKfz 250/7,12/16,O/O/O,80mm mortar,,,,,,,,,,,,,,,
46,SdKfz 250/8,12/16,O/O/O,75mmL24,,,,,,,,,,,,,,,
47,SdKfz 250/9,12/16,O/O/O,20mmL55,,,,,,,,,,,,,,,
203,SdKfz 251 Werfrahmen 40,12/16,O/O/O,280mm Nebelwerfer,,,,,,,,,,,,,,,
37,SdKfz 251/1,12/16,O/O/O,,,,,,,,,,,,,,,,
41,SdKfz 251/10,12/16,O/O/O,37mmL43 (PaK36),,,,,,,,,,,,,,,
42,SdKfz 251/16,12/16,O/O/O,Flamethrower,,,,,,,,,,,,,,,
259,SdKfz 251/17,12/16,O/O/O,20mmL55,,,,,,,,,,,,,,,
221,SdKfz 251/18,12/16,O/O/O,,,,,,,,,,,,,,,,
38,SdKfz 251/2,12/16,O/O/O,80mm mortar,,,,,,,,,,,,,,,
248,SdKfz 251/20,12/16,O/O/O,,Uhu,,,,,,,,,,,,,,
260,SdKfz 251/21,12/16,O/O/O,15mm 'Drilling',,,,,,,,,,,,,,,
262,SdKfz 251/22,12/16,O/O/O,75mmL46 (PaK40),,,,,,,,,,,,,,,
254,SdKfz 251/23,12/16,O/O/O,20mmL55,,,,,,,,,,,,,,,
39,SdKfz 251/3,12/16,O/O/O,,,,,,,,,,,,,,,,
281,SdKfz 251/4,12/16,O/O/O,,,,,,,,,,,,,,,,
362,SdKfz 251/6,12/16,O/O/O,,,,,,,,,,,,,,,,
97,SdKfz 251/7,12/16,O/O/O,,Bridging,,,,,,,,,,,,,,
228,SdKfz 251/8,12/16,O/O/O,,Medic,,,,,,,,,,,,,,
40,SdKfz 251/9,12/16,O/O/O,75mmL24,,,,,,,,,,,,,,,
420,SdKfz 253,12/16,O/O/O,,,,,,,,,,,,,,,,
421,SdKfz 254,12/16,O/O/O,,,,,,,,,,,,,,,,
198,SdKfz 263,8/24,N/O/O,,,,,,,,,,,,,,,,
285,SdKfz 265 Panzerbefehlswagen,8/12,O/O/O,,,,,,,,,,,,,,,,
424,SdKfz 6 auf 36(r) 'Diana',12/16,O/O/O,76.2mm L52 Gun (F-22),,,,,,,,,,,,,,,
409,Semoventa M40 47/32,9/13,M/N/O,47mmL32,,,,,,,,,,,,,,,
427,Semoventa M41 75/18,6/11,K/M/O,75mmL18,,,,,,,,,,,,,,,
154,Sexton,8/12,N/O/O,25 pdr,,,,,,,,,,,,,,,
589,Sherman 'Emcha' 75mm,9/14,K/L/N,75mmL40,,,,,,,,,,,,,,,
99,Sherman 'Emcha' 76mm,9/14,K/L/N,"76mmL53 (3"")",,,,,,,,,,,,,,,
566,Sherman Kangaroo,9/14,K/L/N,,,,,,,,,,,,,,,,
487,Somua MCG Prime Mover,12/18,//,,Medium gun tow,,,,,,,,,,,,,,
488,Somua MCG Recovery,12/18,//,,"Recovery, Repair",,,,,,,,,,,,,,
489,Somua MCL5 Recovery,6/24,//,,Repair,,,,,,,,,,,,,,
438,Somua S-35,10/14,L/M/N,47mmL32,One man turret,,,,,,,,,,,,,,
53,Staff car,6/24,//,,,,,,,,,,,,,,,,
138,Staghound,8/24,N/N/O,37mmL53,,,,,,,,,,,,,,,
139,Staghound AA,8/24,N/N/O,,,,,,,,,,,,,,,,
464,Steyr ADGZ,8/24,O/O/O,20mmL55,,,,,,,,,,,,,,,
295,Steyr AGDZ,8/24,O/O/O,20mm,,,,,,,,,,,,,,,
56,Steyr Heavy car,6/24,//,,,,,,,,,,,,,,,,
407,StuG 33B,6/10,H/K/N,150mmL12 (sIG33),,,,,,,,,,,,,,,
15,StuG III A-E,8/12,L/N/N,75mmL24,,,,,,,,,,,,,,,
16,StuG III F,8/12,L/N/N,75mmL43,,,,,,,,,,,,,,,
425,StuG III F8,8/12,L/N/N,75mmL43,,,,,,,,,,,,,,,
18,StuG III G,8/12,J/N(M)/N,75mmL48 (PaK40),,,,,,,,,,,,,,,
189,StuG IV,8/12,J/N(M)/N,75mmL48 (PaK40),,,,,,,,,,,,,,,
17,StuH 42 F,8/12,L/N/N,105mmL28,,,,,,,,,,,,,,,
19,StuH 42 G,8/12,J/N(M)/N,105mmL28,,,,,,,,,,,,,,,
257,Sturmmörser Tiger,8/12,D/J/N,380mmL5,,,,,,,,,,,,,,,
386,T-26 N Observation Tank,5/10,N/O/O,,Unreliable,,,,,,,,,,,,,,
380,T-26 m31,5/10,N/O/O,37mmL45,Unreliable,,,,,,,,,,,,,,
579,T-26 m31 MG,5/10,N/O/O,,Unreliable,,,,,,,,,,,,,,
381,T-26 m33,5/10,N/O/O,45mmL46,Unreliable,,,,,,,,,,,,,,
365,T-26 m36,5/10,N/O/O,45mmL46,Unreliable,,,,,,,,,,,,,,
376,T-26 m39,5/10,N/O/O,45mmL46,Unreliable,,,,,,,,,,,,,,
397,T-26T Tractor,5/10,N/O/O,,Unreliable,,,,,,,,,,,,,,
590,T-26s,5/10,N/O/O,45mmL46,,,,,,,,,,,,,,,
385,T-27 Tankette,8/13,O/O/O,,Unreliable,,,,,,,,,,,,,,
366,T-28,6/10,M/N/O,76.2mmL16,"Unreliable, Multiple turrets",,,,,,,,,,,,,,
390,T-30 (T-40S),9/14,O/O/O,20mm,,,,,,,,,,,,,,,
242,T-34 ARV,12/16,K/L/M,,"T-34 Mobility, Repair, Recovery",,,,,,,,,,,,,,
377,T-34/40 (L30),12/16,K/L/M,76.2mmL30,"T-34 Mobility, Unreliable",,,,,,,,,,,,,,
378,T-34/40 (L40),12/16,K/L/M,76.2mmL42,"T-34 Mobility, Unreliable",,,,,,,,,,,,,,
75,T-34/76,12/16,K/L/M,76.2mmL42,T-34 Mobility,,,,,,,,,,,,,,
236,T-34/85,12/16,J/L/M,85mmL54,T-34 Mobility,,,,,,,,,,,,,,
401,T-35,6/9,L/M/O,76.2mmL16,"Unreliable, Multiple turrets",,,,,,,,,,,,,,
387,T-37,10/20,O/O/O,,"Unreliable, Amphibious",,,,,,,,,,,,,,
388,T-38,7/14,O/O/O,,"Unreliable, Amphibious",,,,,,,,,,,,,,
389,T-40,9/14,O/O/O,,Amphibious,,,,,,,,,,,,,,
391,T-50,12/18,L/M/N,45mmL46,,,,,,,,,,,,,,,
71,T-60,12/19,M/N/O,20mm,,,,,,,,,,,,,,,
72,T-70,10/15,K/N/O,45mmL46,,,,,,,,,,,,,,,
231,T-80,9/13,K/N/O,45mmL46,,,,,,,,,,,,,,,
499,T13 B1 or B2,12/18,O/O/O,47mmL32,,,,,,,,,,,,,,,
500,T13 B3,12/18,N/O/O,47mmL32,,,,,,,,,,,,,,,
433,T19 HMC (105mm),12/24,N/O/O,105mmL22,,,,,,,,,,,,,,,
426,T30 HMC (75mm),12/24,N/O/O,75mmL16,,,,,,,,,,,,,,,
396,TB-26,5/10,N/O/O,,Unreliable,,,,,,,,,,,,,,
456,TKD with 47mm,8/12,O/O/O,47mmL45,,,,,,,,,,,,,,,
299,TKS,9/12,O/O/O,,,,,,,,,,,,,,,,
445,TKS with 20mm Gun,8/12,O/O/O,20mmL60,,,,,,,,,,,,,,,
403,TP-26 APC,5/10,N/O/O,,Unreliable,,,,,,,,,,,,,,
373,Tatra Armoured Car,8/24,O/O/O,,,,,,,,,,,,,,,,
118,Tetrarch,14/20,N/O/O,2 pdr (Littlejohn),,,,,,,,,,,,,,,
119,Tetrarch CS,14/20,N/O/O,76.2mmL16,,,,,,,,,,,,,,,
11,Tiger I,8/12,H/J/J,88mmL56 (FlaK36),,,,,,,,,,,,,,,
186,Tiger II,8/12,C/H/J,88mmL71 (PaK43),,,,,,,,,,,,,,,
290,Toldi I,9/14,N/O/O,20mmL55,,,,,,,,,,,,,,,
291,Toldi II,9/14,L/O/O,20mmL55,,,,,,,,,,,,,,,
353,Toldi II,9/14,L/O/O,20mmL55,,,,,,,,,,,,,,,
528,Type 1 Ho-Ha,12/16,N/O/O,,,,,,,,,,,,,,,,
527,Type 1 Ho-Ki,9/13,O/O/O,,,,,,,,,,,,,,,,
523,Type 1 Ho-Ni I,9/12,L/M/N,75mmL38,,,,,,,,,,,,,,,
524,Type 1 Ho-Ni II,9/12,L/M/N,105mmL24,,,,,,,,,,,,,,,
518,Type 2 Ka-Mi,8/11,N/O/O,37mmL36,"One man turret, Amphibious",,,,,,,,,,,,,,
517,Type 2 Ke-To,11/15,N/O/O,37mmL46,,,,,,,,,,,,,,,
525,Type 4 Ho-Ro,9/12,L/M/N,150mmL14,,,,,,,,,,,,,,,
514,Type 89 I-Go,5/8,N/O/O,57mmL18,Unreliable,,,,,,,,,,,,,,
521,Type 91 Sumi-Da,8/16,N/O/O,,,,,,,,,,,,,,,,
522,Type 93,8/16,N/O/O,,,,,,,,,,,,,,,,
512,Type 94 Tankette,9/12,N/O/O,,,,,,,,,,,,,,,,
531,Type 94 Truck,6/24,//,,,,,,,,,,,,,,,,
534,Type 94 Yo-Ke,9/12,//,,One light gun tow,,,,,,,,,,,,,,
515,Type 95 Ha-Go,10/14,N/O/O,37mmL36,One man turret,,,,,,,,,,,,,,
530,Type 95 Kurogane,6/24,//,,,,,,,,,,,,,,,,
526,Type 96 SS-Ki,8/12,N/N/O,,"Bridging, Engineer",,,,,,,,,,,,,,
519,Type 97 Chi-Ha,9/12,L/M/N,57mmL18,,,,,,,,,,,,,,,
520,Type 97 Shinhoto Chi-Ha,9/12,L/M/N,47mmL48,,,,,,,,,,,,,,,
513,Type 97 Te-Ke,9/13,N/O/O,37mmL36,One man turret,,,,,,,,,,,,,,
532,Type 97 Truck,6/24,//,,,,,,,,,,,,,,,,
516,Type 98 Ke-Ni,11/15,N/O/O,37mmL36,,,,,,,,,,,,,,,
536,Type 98 Ro-Ke,9/12,//,,One medium gun tow,,,,,,,,,,,,,,
535,Type 98 Shi-Ke,9/12,//,,One light gun tow,,,,,,,,,,,,,,
529,Type 98 So-Da,10/14,O/O/O,,,,,,,,,,,,,,,,
375,UE Supply Carrier,6/10,O/O/O,,,,,,,,,,,,,,,,
484,Unic P107 Half Track,12/18,//,,,,,,,,,,,,,,,,
501,VUDB Berliet,12/16,O/O/O,,,,,,,,,,,,,,,,
131,Valentine Bridge,5/8,K/K/L,,Bridging,,,,,,,,,,,,,,
331,Valentine II,6/9,K/K/N,2 pdr,,,,,,,,,,,,,,,
87,Valentine III,5/8,K/K/L,2 pdr,,,,,,,,,,,,,,,
573,Valentine III,5/8,K/K/N,2 pdr,,,,,,,,,,,,,,,
554,Valentine Scorpion,5/8,K/K/N,2 pdr,Engineer,,,,,,,,,,,,,,
417,Valentine VIII,5/8,K/K/L,6 pdr (57mmL46),,,,,,,,,,,,,,,
446,Vickers E Type A,7/11,N/O/O,,,,,,,,,,,,,,,,
447,Vickers E Type B,7/11,N/O/O,47mmL32,,,,,,,,,,,,,,,
567,Vickers IV,12/18,O/O/O,,,,,,,,,,,,,,,,
497,Vickers T15,12/18,O/O/O,,One man turret,,,,,,,,,,,,,,
326,Vickers VI,12/18,O/O/O,,,,,,,,,,,,,,,,
327,Vickers VI A-B,12/18,O/O/O,,,,,,,,,,,,,,,,
328,Vickers VI C,12/18,O/O/O,15mm Besa,,,,,,,,,,,,,,,
241,Voroshilovets tractor,12/16,//,,Heavy gun tow,,,,,,,,,,,,,,
151,Wasp,10/15,O/O/O,Flamethrower,,,,,,,,,,,,,,,
29,Wespe,8/12,N/O/O,105mmL28,,,,,,,,,,,,,,,
84,White Scout Car,8/12,N/O/O,,,,,,,,,,,,,,,,
577,White Scout Car,8/12,O/O/O,,,,,,,,,,,,,,,,
196,Wirbelwind,8/12,L/N/O,20mmL55,,,,,,,,,,,,,,,
452,Wz 34 (MG) Armoured Car,12/16,O/O/O,,,,,,,,,,,,,,,,
451,Wz 34 Armoured Car,12/16,O/O/O,37mmL21,,,,,,,,,,,,,,,
453,Wz 39 Ursus,12/16,O/O/O,37mmL21,,,,,,,,,,,,,,,
449,Wz.34 C4P Half-Track,12/16,//,,,,,,,,,,,,,,,,
444,Wz.34 Half Track,12/16,//,37mmL21,Capaity 12 or one gun,,,,,,,,,,,,,,
246,ZSU-37,10/15,N/O/O,37mmL60,,,,,,,,,,,,,,,
599,Zugkraftwagen S307(f) tow,9/13,O/O/O,,,,,,,,,,,,,,,,
211,leSPW U304(f),10/14,O/O/O,,,,,,,,,,,,,,,,
213,leSPW U304(f) FlaK38,10/14,O/O/O,20mmL55,,,,,,,,,,,,,,,
212,leSPW U304(f) Funk,10/14,O/O/O,,Signals,,,,,,,,,,,,,,
598,leSPW U304(f) PaK36,10/14,O/O/O,37mmL43 (PaK36),,,,,,,,,,,,,,,
214,mSPW S303(f),9/13,O/O/O,,Bridging,,,,,,,,,,,,,,
215,mSPW S307(f),9/13,O/O/O,75mmL46 (PaK40),,,,,,,,,,,,,,,
216,mSPW S307(f) 8cm Reihenwerfer,9/13,O/O/O,80mm mortar,,,,,,,,,,,,,,,
217,mSPW S307(f) R. Vielfachwerfer,9/13,O/O/O,80mm rocket,,,,,,,,,,,,,,,
284,sIG33 auf Pz I,8/12,O/O/O,150mmL12 (sIG33),,,,,,,,,,,,,,,
